RequestID,DateSubmitted,DateStarted,DateCompleted,Category
1,2014-11-26 13:43:00,2014-12-13 06:02:00,2014-12-13 06:02:00,HR Report
2,2014-11-29 14:41:00,2014-12-20 06:47:00,2014-12-22 03:47:00,Job Classification
3,2014-11-29 14:43:00,2014-12-24 08:06:00,2014-12-27 18:06:00,Recruitment
4,2014-11-29 14:45:00,2015-02-09 03:31:00,2015-02-11 09:31:00,Training Delivery
5,2014-11-29 14:49:00,2014-12-06 06:43:00,2014-12-06 06:43:00,HR Report
6,2014-11-29 14:50:00,2014-12-21 06:00:00,2014-12-21 09:00:00,HR Report
7,2014-11-29 14:50:00,2015-01-07 00:55:00,2015-01-09 23:55:00,Training Delivery
8,2014-12-01 08:38:00,2015-01-14 03:29:00,2015-01-15 08:29:00,Job Classification
9,2014-12-03 16:26:00,2014-12-07 01:12:00,2014-12-08 17:12:00,Job Classification
10,2014-12-07 11:41:00,2014-12-16 00:25:00,2014-12-16 00:25:00,HR Report
11,2014-12-28 23:23:00,2014-12-28 23:23:00,2014-12-31 18:23:00,Training Delivery
12,2014-12-29 07:33:00,2015-02-01 02:20:00,2015-02-04 04:20:00,Training Delivery
13,2015-01-05 08:10:00,2015-01-12 03:55:00,2015-01-12 03:55:00,HR Report
14,2015-01-10 10:13:00,2015-01-12 03:53:00,2015-01-12 06:53:00,HR Report
15,2015-01-10 05:40:00,2015-01-10 05:40:00,2015-01-10 13:40:00,HR Report
16,2015-01-10 03:36:00,2015-01-10 03:36:00,2015-01-11 08:36:00,Job Classification
17,2015-01-10 08:48:00,2015-01-10 08:48:00,2015-01-10 22:48:00,HR Report
18,2015-01-10 14:37:00,2015-01-11 06:47:00,2015-01-13 08:47:00,Job Classification
19,2015-01-11 11:09:00,2015-01-27 01:29:00,2015-01-27 02:29:00,HR Report
20,2015-01-11 16:34:00,2015-01-19 06:47:00,2015-01-20 07:47:00,Job Classification
21,2015-01-12 05:34:00,2015-01-12 05:34:00,2015-01-13 04:34:00,Job Classification
22,2015-01-12 03:51:00,2015-01-12 03:51:00,2015-01-12 14:51:00,HR Report
23,2015-01-12 13:37:00,2015-01-14 04:15:00,2015-01-18 04:15:00,Recruitment
24,2015-01-13 14:25:00,2015-01-14 03:14:00,2015-01-14 03:14:00,HR Report
25,2015-01-14 07:01:00,2015-01-14 07:01:00,2015-01-18 19:01:00,Grievance Resolution
26,2015-01-14 11:20:00,2015-01-25 01:10:00,2015-01-28 22:10:00,Recruitment
27,2015-01-14 11:24:00,2015-01-19 13:30:00,2015-01-19 15:30:00,HR Report
28,2015-01-17 11:00:00,2015-01-18 06:34:00,2015-01-19 21:34:00,Job Classification
29,2015-01-18 00:43:00,2015-01-18 00:43:00,2015-01-18 17:43:00,HR Report
30,2015-01-18 06:33:00,2015-01-18 06:33:00,2015-01-19 18:33:00,Job Classification
31,2015-01-18 11:08:00,2015-04-08 00:57:00,2015-04-08 16:57:00,HR Report
32,2015-01-18 06:32:00,2015-01-18 06:32:00,2015-01-21 01:32:00,Training Delivery
33,2015-01-18 06:23:00,2015-01-18 06:23:00,2015-01-19 11:23:00,Job Classification
34,2015-01-19 12:30:00,2015-01-28 04:22:00,2015-01-29 07:22:00,Job Classification
35,2015-01-19 14:25:00,2015-01-21 01:46:00,2015-01-21 05:46:00,HR Report
36,2015-01-20 06:16:00,2015-01-20 06:16:00,2015-01-24 04:16:00,Recruitment
37,2015-01-20 14:16:00,2015-01-21 02:16:00,2015-01-23 12:16:00,Training Delivery
38,2015-01-20 16:35:00,2015-01-27 01:21:00,2015-01-28 18:21:00,Job Classification
39,2015-01-20 17:07:00,2015-01-26 07:03:00,2015-01-26 11:03:00,HR Report
40,2015-01-21 09:11:00,2015-01-26 01:08:00,2015-01-26 01:08:00,HR Report
41,2015-01-21 12:58:00,2015-01-26 07:03:00,2015-01-30 15:03:00,Grievance Resolution
42,2015-01-25 10:09:00,2015-01-26 06:50:00,2015-01-26 06:50:00,HR Report
43,2015-01-25 10:15:00,2015-01-27 01:41:00,2015-01-27 14:41:00,HR Report
44,2015-01-25 13:04:00,2015-01-27 01:27:00,2015-01-30 05:27:00,Training Delivery
45,2015-01-26 00:37:00,2015-01-26 00:37:00,2015-01-26 00:37:00,HR Report
46,2015-01-26 15:07:00,2015-01-27 01:36:00,2015-01-27 01:36:00,HR Report
47,2015-01-26 16:20:00,2015-01-27 01:59:00,2015-01-28 12:59:00,Job Classification
48,2015-01-27 06:34:00,2015-01-27 06:34:00,2015-01-27 09:34:00,HR Report
49,2015-01-27 06:03:00,2015-01-27 06:03:00,2015-01-28 22:03:00,Job Classification
50,2015-01-27 16:36:00,2015-02-01 01:15:00,2015-02-01 01:15:00,HR Report
51,2015-01-27 16:00:00,2015-01-27 16:00:00,2015-01-27 16:00:00,HR Report
52,2015-01-27 16:00:00,2015-01-27 16:00:00,2015-01-27 16:00:00,HR Report
53,2015-01-28 04:34:00,2015-01-28 04:34:00,2015-02-02 02:34:00,Grievance Resolution
54,2015-01-31 00:27:00,2015-01-31 00:27:00,2015-02-02 03:27:00,Training Delivery
55,2015-01-31 01:35:00,2015-01-31 01:35:00,2015-02-04 00:35:00,Recruitment
56,2015-01-31 04:53:00,2015-01-31 04:53:00,2015-01-31 04:53:00,HR Report
57,2015-01-31 01:57:00,2015-01-31 01:57:00,2015-02-02 01:57:00,Job Classification
58,2015-01-31 05:00:00,2015-01-31 05:00:00,2015-02-02 05:00:00,Job Classification
59,2015-01-31 04:04:00,2015-01-31 04:04:00,2015-02-01 05:04:00,Job Classification
60,2015-01-31 04:37:00,2015-01-31 04:37:00,2015-01-31 21:37:00,HR Report
61,2015-01-31 13:16:00,2015-02-03 05:51:00,2015-02-03 05:51:00,HR Report
62,2015-01-31 06:00:00,2015-01-31 06:00:00,2015-02-01 00:00:00,HR Report
63,2015-01-31 13:35:00,2015-01-31 13:35:00,2015-02-02 07:35:00,Job Classification
64,2015-01-31 06:38:00,2015-01-31 06:38:00,2015-02-01 05:38:00,Job Classification
65,2015-01-31 07:48:00,2015-01-31 07:48:00,2015-02-01 22:48:00,Job Classification
66,2015-01-31 07:54:00,2015-01-31 07:54:00,2015-02-02 21:54:00,Training Delivery
67,2015-01-31 08:29:00,2015-01-31 08:29:00,2015-02-01 16:29:00,Job Classification
68,2015-01-31 08:33:00,2015-01-31 08:33:00,2015-02-04 15:33:00,Grievance Resolution
69,2015-01-31 09:21:00,2015-01-31 09:21:00,2015-02-04 15:21:00,Grievance Resolution
70,2015-01-31 10:31:00,2015-01-31 10:31:00,2015-01-31 10:31:00,HR Report
71,2015-01-31 10:37:00,2015-01-31 10:37:00,2015-01-31 20:37:00,HR Report
72,2015-01-31 10:52:00,2015-01-31 10:52:00,2015-02-02 14:52:00,Training Delivery
73,2015-02-01 02:07:00,2015-02-01 02:07:00,2015-02-06 08:07:00,Grievance Resolution
74,2015-02-01 05:24:00,2015-02-01 05:24:00,2015-02-02 09:24:00,Job Classification
75,2015-02-01 05:53:00,2015-02-01 05:53:00,2015-02-03 12:53:00,Training Delivery
76,2015-02-01 03:08:00,2015-02-01 03:08:00,2015-02-03 07:08:00,Training Delivery
77,2015-02-01 03:44:00,2015-02-01 03:44:00,2015-02-02 00:44:00,Job Classification
78,2015-02-01 04:04:00,2015-02-01 04:04:00,2015-02-02 20:04:00,Job Classification
79,2015-02-01 06:47:00,2015-02-01 06:47:00,2015-02-01 06:47:00,HR Report
80,2015-02-01 07:02:00,2015-02-01 07:02:00,2015-02-04 21:02:00,Recruitment
81,2015-02-01 15:11:00,2015-02-02 07:09:00,2015-02-02 07:09:00,HR Report
82,2015-02-01 07:26:00,2015-02-01 07:26:00,2015-02-02 19:26:00,Job Classification
83,2015-02-01 16:02:00,2015-02-02 07:22:00,2015-02-02 07:22:00,HR Report
84,2015-02-02 08:24:00,2015-03-08 08:41:00,2015-03-09 23:41:00,Job Classification
85,2015-02-02 01:08:00,2015-02-02 01:08:00,2015-02-03 03:08:00,Job Classification
86,2015-02-02 06:36:00,2015-02-02 06:36:00,2015-02-02 23:36:00,HR Report
87,2015-02-02 01:54:00,2015-02-02 01:54:00,2015-02-06 04:54:00,Recruitment
88,2015-02-02 07:25:00,2015-02-02 07:25:00,2015-02-03 11:25:00,Job Classification
89,2015-02-02 02:18:00,2015-02-02 02:18:00,2015-02-02 02:18:00,HR Report
90,2015-02-02 02:22:00,2015-02-02 02:22:00,2015-02-05 07:22:00,Training Delivery
91,2015-02-02 10:39:00,2015-02-03 02:51:00,2015-02-06 12:51:00,Recruitment
92,2015-02-02 03:20:00,2015-02-02 03:20:00,2015-02-04 07:20:00,Training Delivery
93,2015-02-02 12:00:00,2015-02-03 02:56:00,2015-02-03 02:56:00,HR Report
94,2015-02-02 05:48:00,2015-02-02 05:48:00,2015-02-04 09:48:00,Training Delivery
95,2015-02-02 14:04:00,2015-02-08 05:05:00,2015-02-09 14:05:00,Job Classification
96,2015-02-02 06:23:00,2015-02-02 06:23:00,2015-02-02 11:23:00,HR Report
97,2015-02-02 06:47:00,2015-02-02 06:47:00,2015-02-03 18:47:00,Job Classification
98,2015-02-02 06:53:00,2015-02-02 06:53:00,2015-02-04 22:53:00,Training Delivery
99,2015-02-02 07:05:00,2015-02-02 07:05:00,2015-02-02 08:05:00,HR Report
100,2015-02-02 07:15:00,2015-02-02 07:15:00,2015-02-04 18:15:00,Training Delivery
101,2015-02-02 15:16:00,2015-02-03 07:27:00,2015-02-03 07:27:00,HR Report
102,2015-02-02 07:20:00,2015-02-02 07:20:00,2015-02-02 07:20:00,HR Report
103,2015-02-02 07:23:00,2015-02-02 07:23:00,2015-02-04 06:23:00,Job Classification
104,2015-02-02 07:36:00,2015-02-02 07:36:00,2015-02-03 04:36:00,Job Classification
105,2015-02-02 08:15:00,2015-02-02 08:15:00,2015-02-05 01:15:00,Training Delivery
106,2015-02-02 08:26:00,2015-02-02 08:26:00,2015-02-04 22:26:00,Training Delivery
107,2015-02-02 08:28:00,2015-02-02 08:28:00,2015-02-05 17:28:00,Recruitment
108,2015-02-02 08:44:00,2015-02-02 08:44:00,2015-02-04 02:44:00,Job Classification
109,2015-02-02 08:59:00,2015-02-02 08:59:00,2015-02-05 10:59:00,Training Delivery
110,2015-02-02 09:06:00,2015-02-02 09:06:00,2015-02-04 05:06:00,Job Classification
111,2015-02-02 09:25:00,2015-02-02 09:25:00,2015-02-05 09:25:00,Training Delivery
112,2015-02-02 09:43:00,2015-02-02 09:43:00,2015-02-07 08:43:00,Grievance Resolution
113,2015-02-02 12:43:00,2015-02-02 12:43:00,2015-02-03 23:43:00,Job Classification
114,2015-02-02 13:34:00,2015-02-02 13:34:00,2015-02-04 12:34:00,Job Classification
115,2015-02-02 13:42:00,2015-02-02 13:42:00,2015-02-06 20:42:00,Grievance Resolution
116,2015-02-03 01:52:00,2015-02-03 01:52:00,2015-02-03 01:52:00,HR Report
117,2015-02-03 10:19:00,2015-02-04 08:16:00,2015-02-04 08:16:00,HR Report
118,2015-02-03 02:56:00,2015-02-03 02:56:00,2015-02-03 21:56:00,HR Report
119,2015-02-03 04:37:00,2015-02-03 04:37:00,2015-02-04 18:37:00,Job Classification
120,2015-02-03 04:43:00,2015-02-03 04:43:00,2015-02-06 20:43:00,Recruitment
121,2015-02-03 05:17:00,2015-02-03 05:17:00,2015-02-04 01:17:00,HR Report
122,2015-02-03 14:30:00,2015-02-07 05:43:00,2015-02-07 13:43:00,HR Report
123,2015-02-03 06:32:00,2015-02-03 06:32:00,2015-02-05 11:32:00,Training Delivery
124,2015-02-03 08:14:00,2015-02-03 08:14:00,2015-02-03 08:14:00,HR Report
125,2015-02-03 06:43:00,2015-02-03 06:43:00,2015-02-08 07:43:00,Grievance Resolution
126,2015-02-03 06:53:00,2015-02-03 06:53:00,2015-02-04 21:53:00,Job Classification
127,2015-02-03 07:15:00,2015-02-03 07:15:00,2015-02-03 20:15:00,HR Report
128,2015-02-03 08:16:00,2015-02-03 08:16:00,2015-02-03 14:16:00,HR Report
129,2015-02-03 08:20:00,2015-02-03 08:20:00,2015-02-03 20:20:00,HR Report
130,2015-02-03 09:29:00,2015-02-03 09:29:00,2015-02-04 18:29:00,Job Classification
131,2015-02-03 09:34:00,2015-02-03 09:34:00,2015-02-03 09:34:00,HR Report
132,2015-02-03 18:49:00,2015-02-08 05:04:00,2015-02-08 05:04:00,HR Report
133,2015-02-03 14:53:00,2015-02-03 14:53:00,2015-02-04 18:53:00,Job Classification
134,2015-02-04 02:14:00,2015-02-04 02:14:00,2015-02-05 02:14:00,Job Classification
135,2015-02-04 02:24:00,2015-02-04 02:24:00,2015-02-06 08:24:00,Training Delivery
136,2015-02-04 02:24:00,2015-02-04 02:24:00,2015-02-05 12:24:00,Job Classification
137,2015-02-04 02:32:00,2015-02-04 02:32:00,2015-02-08 03:32:00,Recruitment
138,2015-02-04 02:53:00,2015-02-04 02:53:00,2015-02-04 11:53:00,HR Report
139,2015-02-04 03:13:00,2015-02-04 03:13:00,2015-02-04 03:13:00,HR Report
140,2015-02-04 03:53:00,2015-02-04 03:53:00,2015-02-06 07:53:00,Training Delivery
141,2015-02-04 04:06:00,2015-02-04 04:06:00,2015-02-04 20:06:00,HR Report
142,2015-02-04 04:14:00,2015-02-04 04:14:00,2015-02-05 03:14:00,Job Classification
143,2015-02-04 04:19:00,2015-02-04 04:19:00,2015-02-04 04:19:00,HR Report
144,2015-02-04 04:33:00,2015-02-04 04:33:00,2015-02-06 03:33:00,Job Classification
145,2015-02-04 04:44:00,2015-02-04 04:44:00,2015-02-06 15:44:00,Training Delivery
146,2015-02-04 04:59:00,2015-02-04 04:59:00,2015-02-05 03:59:00,Job Classification
147,2015-02-04 05:45:00,2015-02-04 05:45:00,2015-02-06 17:45:00,Training Delivery
148,2015-02-04 06:59:00,2015-02-04 06:59:00,2015-02-06 20:59:00,Training Delivery
149,2015-02-04 07:54:00,2015-02-04 07:54:00,2015-02-08 17:54:00,Grievance Resolution
150,2015-02-04 08:13:00,2015-02-04 08:13:00,2015-02-04 08:13:00,HR Report
151,2015-02-04 17:09:00,2015-02-09 00:16:00,2015-02-10 02:16:00,Job Classification
152,2015-02-04 09:15:00,2015-02-04 09:15:00,2015-02-04 09:15:00,HR Report
153,2015-02-04 13:34:00,2015-02-04 13:34:00,2015-02-06 11:34:00,Job Classification
154,2015-02-04 13:46:00,2015-02-04 13:46:00,2015-02-04 19:46:00,HR Report
155,2015-02-04 14:04:00,2015-02-04 14:04:00,2015-02-06 03:04:00,Job Classification
156,2015-02-04 15:07:00,2015-02-04 15:07:00,2015-02-06 00:07:00,Job Classification
157,2015-02-07 01:38:00,2015-02-07 01:38:00,2015-02-09 00:38:00,Job Classification
158,2015-02-07 01:43:00,2015-02-07 01:43:00,2015-02-07 21:43:00,HR Report
159,2015-02-07 02:15:00,2015-02-07 02:15:00,2015-02-07 04:15:00,HR Report
160,2015-02-07 02:23:00,2015-02-07 02:23:00,2015-02-08 07:23:00,Job Classification
161,2015-02-07 02:47:00,2015-02-07 02:47:00,2015-02-07 19:47:00,HR Report
162,2015-02-07 04:26:00,2015-02-07 04:26:00,2015-02-10 07:26:00,Training Delivery
163,2015-02-07 03:32:00,2015-02-07 03:32:00,2015-02-11 06:32:00,Recruitment
164,2015-02-07 03:56:00,2015-02-07 03:56:00,2015-02-07 03:56:00,HR Report
165,2015-02-07 04:38:00,2015-02-07 04:38:00,2015-02-10 01:38:00,Training Delivery
166,2015-02-07 04:59:00,2015-02-07 04:59:00,2015-02-09 02:59:00,Job Classification
167,2015-02-07 05:07:00,2015-02-07 05:07:00,2015-02-09 15:07:00,Training Delivery
168,2015-02-07 05:15:00,2015-02-07 05:15:00,2015-02-11 05:15:00,Recruitment
169,2015-02-07 08:34:00,2015-02-07 08:34:00,2015-02-10 22:34:00,Recruitment
170,2015-02-07 05:24:00,2015-02-07 05:24:00,2015-02-08 19:24:00,Job Classification
171,2015-02-07 07:20:00,2015-02-07 07:20:00,2015-02-08 10:20:00,Job Classification
172,2015-02-07 07:51:00,2015-02-07 07:51:00,2015-02-08 12:51:00,Job Classification
173,2015-02-07 07:52:00,2015-02-07 07:52:00,2015-02-07 08:52:00,HR Report
174,2015-02-07 07:58:00,2015-02-07 07:58:00,2015-02-07 13:58:00,HR Report
175,2015-02-07 08:02:00,2015-02-07 08:02:00,2015-02-09 01:02:00,Job Classification
176,2015-02-07 08:10:00,2015-02-07 08:10:00,2015-02-08 11:10:00,Job Classification
177,2015-02-07 08:17:00,2015-02-07 08:17:00,2015-02-10 03:17:00,Training Delivery
178,2015-02-07 08:46:00,2015-02-07 08:46:00,2015-02-09 22:46:00,Training Delivery
179,2015-02-08 08:56:00,2015-02-09 04:19:00,2015-02-10 08:19:00,Job Classification
180,2015-02-08 02:06:00,2015-02-08 02:06:00,2015-02-11 20:06:00,Recruitment
181,2015-02-08 10:27:00,2015-02-09 00:22:00,2015-02-10 06:22:00,Job Classification
182,2015-02-08 02:27:00,2015-02-08 02:27:00,2015-02-08 02:27:00,HR Report
183,2015-02-08 03:16:00,2015-02-08 03:16:00,2015-02-08 18:16:00,HR Report
184,2015-02-08 03:33:00,2015-02-08 03:33:00,2015-02-09 10:33:00,Job Classification
185,2015-02-08 04:07:00,2015-02-08 04:07:00,2015-02-08 04:07:00,HR Report
186,2015-02-08 04:10:00,2015-02-08 04:10:00,2015-02-10 05:10:00,Job Classification
187,2015-02-08 04:53:00,2015-02-08 04:53:00,2015-02-11 15:53:00,Recruitment
188,2015-02-08 05:49:00,2015-02-08 05:49:00,2015-02-10 04:49:00,Job Classification
189,2015-02-08 05:59:00,2015-02-08 05:59:00,2015-02-09 10:59:00,Job Classification
190,2015-02-08 05:59:00,2015-02-08 05:59:00,2015-02-12 18:59:00,Grievance Resolution
191,2015-02-08 14:26:00,2015-02-09 00:13:00,2015-02-09 22:13:00,Job Classification
192,2015-02-08 06:57:00,2015-02-08 06:57:00,2015-02-08 06:57:00,HR Report
193,2015-02-08 08:30:00,2015-02-08 08:30:00,2015-02-12 02:30:00,Recruitment
194,2015-02-08 12:27:00,2015-02-08 12:27:00,2015-02-08 12:27:00,HR Report
195,2015-02-08 12:46:00,2015-02-08 12:46:00,2015-02-09 05:46:00,HR Report
196,2015-02-08 13:02:00,2015-02-08 13:02:00,2015-02-10 14:02:00,Job Classification
197,2015-02-08 13:29:00,2015-02-08 13:29:00,2015-02-08 21:29:00,HR Report
198,2015-02-08 14:03:00,2015-02-08 14:03:00,2015-02-08 22:03:00,HR Report
199,2015-02-09 01:59:00,2015-02-09 01:59:00,2015-02-09 01:59:00,HR Report
200,2015-02-09 02:56:00,2015-02-09 02:56:00,2015-02-09 22:56:00,HR Report
201,2015-02-09 03:24:00,2015-02-09 03:24:00,2015-02-10 09:24:00,Job Classification
202,2015-02-09 03:36:00,2015-02-09 03:36:00,2015-02-12 23:36:00,Recruitment
203,2015-02-09 04:25:00,2015-02-09 04:25:00,2015-02-09 17:25:00,HR Report
204,2015-02-09 04:28:00,2015-02-09 04:28:00,2015-02-10 16:28:00,Job Classification
205,2015-02-09 04:49:00,2015-02-09 04:49:00,2015-02-12 22:49:00,Recruitment
206,2015-02-09 05:12:00,2015-02-09 05:12:00,2015-02-11 08:12:00,Training Delivery
207,2015-02-09 06:14:00,2015-02-09 06:14:00,2015-02-11 15:14:00,Training Delivery
208,2015-02-09 06:23:00,2015-02-09 06:23:00,2015-02-09 07:23:00,HR Report
209,2015-02-09 06:34:00,2015-02-09 06:34:00,2015-02-10 23:34:00,Job Classification
210,2015-02-09 06:46:00,2015-02-09 06:46:00,2015-02-12 13:46:00,Training Delivery
211,2015-02-09 06:48:00,2015-02-09 06:48:00,2015-02-10 07:48:00,Job Classification
212,2015-02-09 07:09:00,2015-02-09 07:09:00,2015-02-09 07:09:00,HR Report
213,2015-02-09 07:19:00,2015-02-09 07:19:00,2015-02-09 07:19:00,HR Report
214,2015-02-09 07:18:00,2015-02-09 07:18:00,2015-02-10 13:18:00,Job Classification
215,2015-02-09 07:23:00,2015-02-09 07:23:00,2015-02-09 07:23:00,HR Report
216,2015-02-09 07:33:00,2015-02-09 07:33:00,2015-02-10 22:33:00,Job Classification
217,2015-02-09 15:44:00,2015-02-15 01:12:00,2015-02-17 11:12:00,Training Delivery
218,2015-02-09 07:46:00,2015-02-09 07:46:00,2015-02-09 07:46:00,HR Report
219,2015-02-09 07:50:00,2015-02-09 07:50:00,2015-02-11 03:50:00,Job Classification
220,2015-02-09 07:56:00,2015-02-09 07:56:00,2015-02-12 11:56:00,Training Delivery
221,2015-02-09 15:56:00,2015-02-14 03:29:00,2015-02-16 17:29:00,Training Delivery
222,2015-02-09 08:39:00,2015-02-09 08:39:00,2015-02-09 08:39:00,HR Report
223,2015-02-10 00:02:00,2015-02-10 00:02:00,2015-02-12 03:02:00,Training Delivery
224,2015-02-10 00:51:00,2015-02-10 00:51:00,2015-02-10 00:51:00,HR Report
225,2015-02-10 01:32:00,2015-02-10 01:32:00,2015-02-10 01:32:00,HR Report
226,2015-02-10 01:57:00,2015-02-10 01:57:00,2015-02-10 16:57:00,HR Report
227,2015-02-10 10:36:00,2015-03-15 01:41:00,2015-03-16 12:41:00,Job Classification
228,2015-02-10 07:09:00,2015-02-10 07:09:00,2015-02-11 18:09:00,Job Classification
229,2015-02-10 04:12:00,2015-02-10 04:12:00,2015-02-10 04:12:00,HR Report
230,2015-02-10 05:01:00,2015-02-10 05:01:00,2015-02-10 05:01:00,HR Report
231,2015-02-10 08:00:00,2015-02-10 08:00:00,2015-02-12 02:00:00,Job Classification
232,2015-02-10 08:19:00,2015-02-10 08:19:00,2015-02-12 11:19:00,Training Delivery
233,2015-02-10 21:23:00,2015-02-10 23:37:00,2015-02-13 02:37:00,Training Delivery
234,2015-02-10 13:32:00,2015-02-10 13:32:00,2015-02-10 13:32:00,HR Report
235,2015-02-10 21:44:00,2015-02-11 01:41:00,2015-02-11 16:41:00,HR Report
236,2015-02-10 13:50:00,2015-02-10 13:50:00,2015-02-12 12:50:00,Job Classification
237,2015-02-10 14:19:00,2015-02-10 14:19:00,2015-02-10 14:19:00,HR Report
238,2015-02-10 23:50:00,2015-02-10 23:50:00,2015-02-10 23:50:00,HR Report
239,2015-02-11 01:02:00,2015-02-11 01:02:00,2015-02-12 13:02:00,Job Classification
240,2015-02-11 14:03:00,2015-02-14 06:48:00,2015-02-14 14:48:00,HR Report
241,2015-02-11 06:07:00,2015-02-11 06:07:00,2015-02-11 15:07:00,HR Report
242,2015-02-11 14:23:00,2015-02-15 04:35:00,2015-02-16 08:35:00,Job Classification
243,2015-02-11 07:48:00,2015-02-11 07:48:00,2015-02-14 21:48:00,Recruitment
244,2015-02-11 08:08:00,2015-02-11 08:08:00,2015-02-13 14:08:00,Training Delivery
245,2015-02-11 16:28:00,2015-02-15 06:18:00,2015-02-18 22:18:00,Recruitment
246,2015-02-11 08:29:00,2015-02-11 08:29:00,2015-02-12 02:29:00,HR Report
247,2015-02-11 16:32:00,2015-02-17 05:37:00,2015-02-17 11:37:00,HR Report
248,2015-02-11 09:05:00,2015-02-11 09:05:00,2015-02-11 09:05:00,HR Report
249,2015-02-11 09:23:00,2015-02-11 09:23:00,2015-02-12 23:23:00,Job Classification
250,2015-02-11 10:01:00,2015-02-11 10:01:00,2015-02-13 09:01:00,Job Classification
251,2015-02-14 08:09:00,2015-02-14 08:09:00,2015-02-14 20:09:00,HR Report
252,2015-02-14 02:11:00,2015-02-14 02:11:00,2015-02-14 23:11:00,Job Classification
253,2015-02-14 02:16:00,2015-02-14 02:16:00,2015-02-14 02:16:00,HR Report
254,2015-02-14 02:54:00,2015-02-14 02:54:00,2015-02-14 02:54:00,HR Report
255,2015-02-14 03:08:00,2015-02-14 03:08:00,2015-02-16 08:08:00,Training Delivery
256,2015-02-14 03:27:00,2015-02-14 03:27:00,2015-02-15 01:27:00,Job Classification
257,2015-02-14 03:44:00,2015-02-14 03:44:00,2015-02-16 09:44:00,Training Delivery
258,2015-02-14 04:04:00,2015-02-14 04:04:00,2015-02-16 02:04:00,Job Classification
259,2015-02-14 08:44:00,2015-02-14 08:44:00,2015-02-14 15:44:00,HR Report
260,2015-02-14 04:53:00,2015-02-14 04:53:00,2015-02-16 07:53:00,Training Delivery
261,2015-02-14 05:14:00,2015-02-14 05:14:00,2015-02-14 16:14:00,HR Report
262,2015-02-14 05:21:00,2015-02-14 05:21:00,2015-02-15 23:21:00,Job Classification
263,2015-02-14 05:37:00,2015-02-14 05:37:00,2015-02-14 05:37:00,HR Report
264,2015-02-14 06:42:00,2015-02-14 06:42:00,2015-02-14 06:42:00,HR Report
265,2015-02-14 14:55:00,2015-02-15 06:58:00,2015-02-19 07:58:00,Recruitment
266,2015-02-14 07:05:00,2015-02-14 07:05:00,2015-02-14 07:05:00,HR Report
267,2015-02-14 07:12:00,2015-02-14 07:12:00,2015-02-14 07:12:00,HR Report
268,2015-02-14 07:20:00,2015-02-14 07:20:00,2015-02-16 07:20:00,Job Classification
269,2015-02-14 07:37:00,2015-02-14 07:37:00,2015-02-16 09:37:00,Job Classification
270,2015-02-14 07:45:00,2015-02-14 07:45:00,2015-02-14 14:45:00,HR Report
271,2015-02-14 08:24:00,2015-02-14 08:24:00,2015-02-15 17:24:00,Job Classification
272,2015-02-14 08:49:00,2015-02-14 08:49:00,2015-02-18 05:49:00,Recruitment
273,2015-02-14 08:58:00,2015-02-14 08:58:00,2015-02-17 20:58:00,Recruitment
274,2015-02-15 01:52:00,2015-02-15 01:52:00,2015-02-15 22:52:00,Job Classification
275,2015-02-15 02:46:00,2015-02-15 02:46:00,2015-02-17 21:46:00,Training Delivery
276,2015-02-15 03:00:00,2015-02-15 03:00:00,2015-02-16 04:00:00,Job Classification
277,2015-02-15 03:45:00,2015-02-15 03:45:00,2015-02-16 12:45:00,Job Classification
278,2015-02-15 05:45:00,2015-02-15 05:45:00,2015-02-15 05:45:00,HR Report
279,2015-02-15 05:49:00,2015-02-15 05:49:00,2015-02-15 05:49:00,HR Report
280,2015-02-15 06:23:00,2015-02-15 06:23:00,2015-02-16 20:23:00,Job Classification
281,2015-02-15 07:02:00,2015-02-15 07:02:00,2015-02-16 02:02:00,HR Report
282,2015-02-15 07:40:00,2015-02-15 07:40:00,2015-02-18 12:40:00,Training Delivery
283,2015-02-15 07:57:00,2015-02-15 07:57:00,2015-02-20 01:57:00,Grievance Resolution
284,2015-02-16 00:37:00,2015-02-16 00:37:00,2015-02-18 18:37:00,Training Delivery
285,2015-02-16 00:58:00,2015-02-16 00:58:00,2015-02-16 23:58:00,Job Classification
286,2015-02-16 01:28:00,2015-02-16 01:28:00,2015-02-18 23:28:00,Training Delivery
287,2015-02-16 01:28:00,2015-02-16 01:28:00,2015-02-20 02:28:00,Recruitment
288,2015-02-16 09:38:00,2015-02-21 07:05:00,2015-02-23 19:05:00,Training Delivery
289,2015-02-16 02:40:00,2015-02-16 02:40:00,2015-02-18 02:40:00,Job Classification
290,2015-02-16 04:28:00,2015-02-16 04:28:00,2015-02-18 07:28:00,Training Delivery
291,2015-02-16 04:37:00,2015-02-16 04:37:00,2015-02-18 00:37:00,Job Classification
292,2015-02-16 05:36:00,2015-02-16 05:36:00,2015-02-16 05:36:00,HR Report
293,2015-02-16 05:46:00,2015-02-16 05:46:00,2015-02-16 05:46:00,HR Report
294,2015-02-16 06:09:00,2015-02-16 06:09:00,2015-02-18 20:09:00,Training Delivery
295,2015-02-16 06:25:00,2015-02-16 06:25:00,2015-02-16 06:25:00,HR Report
296,2015-02-16 14:50:00,2015-02-17 03:25:00,2015-02-17 03:25:00,HR Report
297,2015-02-16 07:15:00,2015-02-16 07:15:00,2015-02-18 08:15:00,Job Classification
298,2015-02-16 07:30:00,2015-02-16 07:30:00,2015-02-17 20:30:00,Job Classification
299,2015-02-16 08:01:00,2015-02-16 08:01:00,2015-02-16 18:01:00,HR Report
300,2015-02-17 00:28:00,2015-02-17 00:28:00,2015-02-17 00:28:00,HR Report
301,2015-02-17 00:48:00,2015-02-17 00:48:00,2015-02-19 16:48:00,Training Delivery
302,2015-02-17 00:50:00,2015-02-17 00:50:00,2015-02-18 06:50:00,Job Classification
303,2015-02-17 00:51:00,2015-02-17 00:51:00,2015-02-17 00:51:00,HR Report
304,2015-02-17 00:57:00,2015-02-17 00:57:00,2015-02-21 15:57:00,Grievance Resolution
305,2015-02-17 01:50:00,2015-02-17 01:50:00,2015-02-18 04:50:00,Job Classification
306,2015-02-17 02:00:00,2015-02-17 02:00:00,2015-02-17 02:00:00,HR Report
307,2015-02-17 06:00:00,2015-02-17 06:00:00,2015-02-19 00:00:00,Job Classification
308,2015-02-17 02:42:00,2015-02-17 02:42:00,2015-02-19 03:42:00,Job Classification
309,2015-02-17 03:11:00,2015-02-17 03:11:00,2015-02-17 03:11:00,HR Report
310,2015-02-17 11:38:00,2015-02-23 06:01:00,2015-02-23 06:01:00,HR Report
311,2015-02-17 04:39:00,2015-02-17 04:39:00,2015-02-18 11:39:00,Job Classification
312,2015-02-17 04:50:00,2015-02-17 04:50:00,2015-02-21 12:50:00,Grievance Resolution
313,2015-02-17 05:41:00,2015-02-17 05:41:00,2015-02-17 05:41:00,HR Report
314,2015-02-17 07:16:00,2015-02-17 07:16:00,2015-02-19 12:16:00,Training Delivery
315,2015-02-17 15:26:00,2015-02-23 02:46:00,2015-02-24 05:46:00,Job Classification
316,2015-02-17 07:45:00,2015-02-17 07:45:00,2015-02-18 09:45:00,Job Classification
317,2015-02-17 07:55:00,2015-02-17 07:55:00,2015-02-18 13:55:00,Job Classification
318,2015-02-17 07:59:00,2015-02-17 07:59:00,2015-02-18 12:59:00,Job Classification
319,2015-02-17 08:10:00,2015-02-17 08:10:00,2015-02-17 21:10:00,HR Report
320,2015-02-17 08:15:00,2015-02-17 08:15:00,2015-02-17 15:15:00,HR Report
321,2015-02-17 08:27:00,2015-02-17 08:27:00,2015-02-19 11:27:00,Training Delivery
322,2015-02-18 00:13:00,2015-02-18 00:13:00,2015-02-18 12:13:00,HR Report
323,2015-02-18 01:53:00,2015-02-18 01:53:00,2015-02-20 18:53:00,Training Delivery
324,2015-02-18 02:03:00,2015-02-18 02:03:00,2015-02-18 02:03:00,HR Report
325,2015-02-18 02:36:00,2015-02-18 02:36:00,2015-02-19 07:36:00,Job Classification
326,2015-02-18 03:16:00,2015-02-18 03:16:00,2015-02-22 02:16:00,Recruitment
327,2015-02-18 03:28:00,2015-02-18 03:28:00,2015-02-20 08:28:00,Training Delivery
328,2015-02-18 03:50:00,2015-02-18 03:50:00,2015-02-18 03:50:00,HR Report
329,2015-02-18 03:56:00,2015-02-18 03:56:00,2015-02-18 03:56:00,HR Report
330,2015-02-18 11:59:00,2015-02-23 02:38:00,2015-02-24 08:38:00,Job Classification
331,2015-02-18 04:10:00,2015-02-18 04:10:00,2015-02-19 07:10:00,Job Classification
332,2015-02-18 12:51:00,2015-02-21 03:19:00,2015-02-21 03:19:00,HR Report
333,2015-02-18 05:18:00,2015-02-18 05:18:00,2015-02-19 01:18:00,HR Report
334,2015-02-18 05:41:00,2015-02-18 05:41:00,2015-02-19 22:41:00,Job Classification
335,2015-02-18 05:46:00,2015-02-18 05:46:00,2015-02-18 18:46:00,HR Report
336,2015-02-18 07:02:00,2015-02-18 07:02:00,2015-02-20 11:02:00,Training Delivery
337,2015-02-18 07:11:00,2015-02-18 07:11:00,2015-02-18 07:11:00,HR Report
338,2015-02-18 07:26:00,2015-02-18 07:26:00,2015-02-20 11:26:00,Training Delivery
339,2015-02-18 07:31:00,2015-02-18 07:31:00,2015-02-19 00:31:00,HR Report
340,2015-02-21 01:18:00,2015-02-21 01:18:00,2015-02-23 15:18:00,Training Delivery
341,2015-02-21 01:33:00,2015-02-21 01:33:00,2015-02-21 01:33:00,HR Report
342,2015-02-21 09:39:00,2015-03-01 04:12:00,2015-03-03 04:12:00,Job Classification
343,2015-02-21 01:43:00,2015-02-21 01:43:00,2015-02-21 14:43:00,HR Report
344,2015-02-21 10:10:00,2015-03-01 04:15:00,2015-03-02 22:15:00,Job Classification
345,2015-02-21 02:26:00,2015-02-21 02:26:00,2015-02-21 17:26:00,HR Report
346,2015-02-21 02:28:00,2015-02-21 02:28:00,2015-02-21 20:28:00,HR Report
347,2015-02-21 02:34:00,2015-02-21 02:34:00,2015-02-23 08:34:00,Training Delivery
348,2015-02-21 11:23:00,2015-02-24 07:07:00,2015-02-25 00:07:00,HR Report
349,2015-02-21 04:19:00,2015-02-21 04:19:00,2015-02-21 04:19:00,HR Report
350,2015-02-21 04:22:00,2015-02-21 04:22:00,2015-02-21 04:22:00,HR Report
351,2015-02-21 04:39:00,2015-02-21 04:39:00,2015-02-21 04:39:00,HR Report
352,2015-02-21 04:41:00,2015-02-21 04:41:00,2015-02-24 03:41:00,Training Delivery
353,2015-02-21 12:55:00,2015-02-23 02:00:00,2015-02-25 02:00:00,Job Classification
354,2015-02-21 04:56:00,2015-02-21 04:56:00,2015-02-21 04:56:00,HR Report
355,2015-02-21 05:20:00,2015-02-21 05:20:00,2015-02-21 09:20:00,HR Report
356,2015-02-21 05:56:00,2015-02-21 05:56:00,2015-02-22 03:56:00,Job Classification
357,2015-02-21 06:08:00,2015-02-21 06:08:00,2015-02-22 21:08:00,Job Classification
358,2015-02-21 06:25:00,2015-02-21 06:25:00,2015-02-23 16:25:00,Training Delivery
359,2015-02-21 07:11:00,2015-02-21 07:11:00,2015-02-22 17:11:00,Job Classification
360,2015-02-21 07:18:00,2015-02-21 07:18:00,2015-02-22 19:18:00,Job Classification
361,2015-02-21 08:18:00,2015-02-21 08:18:00,2015-02-21 09:18:00,HR Report
362,2015-02-21 17:19:00,2015-03-08 07:58:00,2015-03-09 17:58:00,Job Classification
363,2015-02-22 00:11:00,2015-02-22 00:11:00,2015-02-22 00:11:00,HR Report
364,2015-02-22 00:34:00,2015-02-22 00:34:00,2015-02-22 00:34:00,HR Report
365,2015-02-22 00:46:00,2015-02-22 00:46:00,2015-02-23 14:46:00,Job Classification
366,2015-02-22 00:48:00,2015-02-22 00:48:00,2015-02-24 20:48:00,Training Delivery
367,2015-02-22 00:57:00,2015-02-22 00:57:00,2015-02-23 17:57:00,Job Classification
368,2015-02-22 04:30:00,2015-02-22 04:30:00,2015-02-24 09:30:00,Training Delivery
369,2015-02-22 01:05:00,2015-02-22 01:05:00,2015-02-24 18:05:00,Training Delivery
370,2015-02-22 09:32:00,2015-02-23 08:50:00,2015-02-23 08:50:00,HR Report
371,2015-02-22 01:32:00,2015-02-22 01:32:00,2015-02-24 14:32:00,Training Delivery
372,2015-02-22 01:40:00,2015-02-22 01:40:00,2015-02-22 23:40:00,Job Classification
373,2015-02-22 01:55:00,2015-02-22 01:55:00,2015-02-22 01:55:00,HR Report
374,2015-02-22 02:17:00,2015-02-22 02:17:00,2015-02-24 22:17:00,Training Delivery
375,2015-02-22 10:23:00,2015-02-25 02:01:00,2015-02-25 22:01:00,HR Report
376,2015-02-22 02:56:00,2015-02-22 02:56:00,2015-02-22 02:56:00,HR Report
377,2015-02-22 03:32:00,2015-02-22 03:32:00,2015-02-24 17:32:00,Training Delivery
378,2015-02-22 03:42:00,2015-02-22 03:42:00,2015-02-24 07:42:00,Training Delivery
379,2015-02-22 12:11:00,2015-04-21 11:16:00,2015-04-22 13:16:00,Job Classification
380,2015-02-22 05:39:00,2015-02-22 05:39:00,2015-02-22 05:39:00,HR Report
381,2015-02-22 05:43:00,2015-02-22 05:43:00,2015-02-22 09:43:00,HR Report
382,2015-02-22 05:45:00,2015-02-22 05:45:00,2015-02-25 17:45:00,Recruitment
383,2015-02-22 06:35:00,2015-02-22 06:35:00,2015-02-24 13:35:00,Training Delivery
384,2015-02-22 06:36:00,2015-02-22 06:36:00,2015-02-23 04:36:00,Job Classification
385,2015-02-22 06:57:00,2015-02-22 06:57:00,2015-02-25 05:57:00,Training Delivery
386,2015-02-23 00:26:00,2015-02-23 00:26:00,2015-02-24 19:26:00,Job Classification
387,2015-02-23 00:39:00,2015-02-23 00:39:00,2015-02-25 16:39:00,Training Delivery
388,2015-02-23 00:40:00,2015-02-23 00:40:00,2015-02-24 01:40:00,Job Classification
389,2015-02-23 00:52:00,2015-02-23 00:52:00,2015-02-23 09:52:00,HR Report
390,2015-02-23 01:03:00,2015-02-23 01:03:00,2015-02-23 07:03:00,HR Report
391,2015-02-23 09:39:00,2015-03-10 09:28:00,2015-03-11 13:28:00,Job Classification
392,2015-02-23 01:42:00,2015-02-23 01:42:00,2015-02-23 21:42:00,HR Report
393,2015-02-23 02:19:00,2015-02-23 02:19:00,2015-02-24 19:19:00,Job Classification
394,2015-02-23 02:22:00,2015-02-23 02:22:00,2015-02-24 23:22:00,Job Classification
395,2015-02-23 02:27:00,2015-02-23 02:27:00,2015-02-25 05:27:00,Training Delivery
396,2015-02-23 02:31:00,2015-02-23 02:31:00,2015-02-23 03:31:00,HR Report
397,2015-02-23 02:36:00,2015-02-23 02:36:00,2015-02-23 02:36:00,HR Report
398,2015-02-23 02:48:00,2015-02-23 02:48:00,2015-02-28 09:48:00,Grievance Resolution
399,2015-02-23 02:51:00,2015-02-23 02:51:00,2015-02-25 14:51:00,Training Delivery
400,2015-02-23 03:24:00,2015-02-23 03:24:00,2015-02-24 16:24:00,Job Classification
401,2015-02-23 03:27:00,2015-02-23 03:27:00,2015-02-24 14:27:00,Job Classification
402,2015-02-23 03:29:00,2015-02-23 03:29:00,2015-02-27 15:29:00,Grievance Resolution
403,2015-02-23 04:05:00,2015-02-23 04:05:00,2015-02-23 04:05:00,HR Report
404,2015-02-23 04:31:00,2015-02-23 04:31:00,2015-02-25 20:31:00,Training Delivery
405,2015-02-23 05:10:00,2015-02-23 05:10:00,2015-02-25 03:10:00,Job Classification
406,2015-02-23 05:22:00,2015-02-23 05:22:00,2015-02-23 11:22:00,HR Report
407,2015-02-23 05:58:00,2015-02-23 05:58:00,2015-02-23 05:58:00,HR Report
408,2015-02-23 07:02:00,2015-02-23 07:02:00,2015-02-26 16:02:00,Recruitment
409,2015-02-23 07:14:00,2015-02-23 07:14:00,2015-02-25 22:14:00,Training Delivery
410,2015-02-24 00:06:00,2015-02-24 00:06:00,2015-02-27 03:06:00,Training Delivery
411,2015-02-24 00:10:00,2015-02-24 00:10:00,2015-02-25 08:10:00,Job Classification
412,2015-02-24 01:00:00,2015-02-24 01:00:00,2015-02-25 19:00:00,Job Classification
413,2015-02-24 01:03:00,2015-02-24 01:03:00,2015-02-24 01:03:00,HR Report
414,2015-02-24 01:33:00,2015-02-24 01:33:00,2015-02-24 04:33:00,HR Report
415,2015-02-24 01:48:00,2015-02-24 01:48:00,2015-02-27 23:48:00,Recruitment
416,2015-02-24 02:04:00,2015-02-24 02:04:00,2015-02-25 23:04:00,Job Classification
417,2015-02-24 02:10:00,2015-02-24 02:10:00,2015-02-27 17:10:00,Recruitment
418,2015-02-24 02:15:00,2015-02-24 02:15:00,2015-02-24 02:15:00,HR Report
419,2015-02-24 04:53:00,2015-02-24 04:53:00,2015-02-28 06:53:00,Recruitment
420,2015-02-24 02:48:00,2015-02-24 02:48:00,2015-02-24 02:48:00,HR Report
421,2015-02-24 08:13:00,2015-02-24 08:13:00,2015-02-25 20:13:00,Job Classification
422,2015-02-24 03:23:00,2015-02-24 03:23:00,2015-02-25 09:23:00,Job Classification
423,2015-02-24 03:45:00,2015-02-24 03:45:00,2015-02-26 04:45:00,Job Classification
424,2015-02-24 04:20:00,2015-02-24 04:20:00,2015-02-26 13:20:00,Training Delivery
425,2015-02-24 05:48:00,2015-02-24 05:48:00,2015-02-25 14:48:00,Job Classification
426,2015-02-24 06:02:00,2015-02-24 06:02:00,2015-02-24 14:02:00,HR Report
427,2015-02-24 06:26:00,2015-02-24 06:26:00,2015-02-24 06:26:00,HR Report
428,2015-02-24 14:28:00,2015-03-04 06:09:00,2015-03-04 06:09:00,HR Report
429,2015-02-24 08:25:00,2015-02-24 08:25:00,2015-02-26 07:25:00,Job Classification
430,2015-02-24 06:39:00,2015-02-24 06:39:00,2015-02-28 06:39:00,Recruitment
431,2015-02-24 08:56:00,2015-02-24 08:56:00,2015-02-24 08:56:00,HR Report
432,2015-02-24 15:15:00,2015-03-03 07:37:00,2015-03-03 08:37:00,HR Report
433,2015-02-24 15:21:00,2015-03-02 05:13:00,2015-03-02 05:13:00,HR Report
434,2015-02-24 09:06:00,2015-02-24 09:06:00,2015-03-01 06:06:00,Grievance Resolution
435,2015-02-24 09:15:00,2015-02-24 09:15:00,2015-02-24 09:15:00,HR Report
436,2015-02-24 09:23:00,2015-02-24 09:23:00,2015-02-26 21:23:00,Training Delivery
437,2015-02-24 09:52:00,2015-02-24 09:52:00,2015-02-25 19:52:00,Job Classification
438,2015-02-25 00:13:00,2015-02-25 00:13:00,2015-02-26 05:13:00,Job Classification
439,2015-02-25 00:41:00,2015-02-25 00:41:00,2015-02-26 17:41:00,Job Classification
440,2015-02-25 00:51:00,2015-02-25 00:51:00,2015-02-25 09:51:00,HR Report
441,2015-02-25 01:38:00,2015-02-25 01:38:00,2015-02-27 20:38:00,Training Delivery
442,2015-02-25 02:26:00,2015-02-25 02:26:00,2015-02-26 04:26:00,Job Classification
443,2015-02-25 14:02:00,2015-03-01 02:21:00,2015-03-01 13:21:00,HR Report
444,2015-02-25 06:17:00,2015-02-25 06:17:00,2015-02-27 16:17:00,Training Delivery
445,2015-02-25 07:05:00,2015-02-25 07:05:00,2015-02-27 21:05:00,Training Delivery
446,2015-02-28 23:59:00,2015-02-28 23:59:00,2015-03-02 23:59:00,Job Classification
447,2015-03-01 00:00:00,2015-03-01 00:00:00,2015-03-02 00:00:00,Job Classification
448,2015-03-01 00:54:00,2015-03-01 00:54:00,2015-03-03 13:54:00,Training Delivery
449,2015-03-01 01:00:00,2015-03-01 01:00:00,2015-03-01 01:00:00,HR Report
450,2015-03-01 01:17:00,2015-03-01 01:17:00,2015-03-02 16:17:00,Job Classification
451,2015-03-01 09:27:00,2015-03-03 01:36:00,2015-03-03 01:36:00,HR Report
452,2015-03-01 01:49:00,2015-03-01 01:49:00,2015-03-05 04:49:00,Recruitment
453,2015-03-01 02:14:00,2015-03-01 02:14:00,2015-03-02 07:14:00,Job Classification
454,2015-03-01 02:32:00,2015-03-01 02:32:00,2015-03-04 07:32:00,Training Delivery
455,2015-03-01 03:23:00,2015-03-01 03:23:00,2015-03-02 09:23:00,Job Classification
456,2015-03-01 03:46:00,2015-03-01 03:46:00,2015-03-01 03:46:00,HR Report
457,2015-03-01 04:08:00,2015-03-01 04:08:00,2015-03-01 05:08:00,HR Report
458,2015-03-01 05:44:00,2015-03-01 05:44:00,2015-03-01 05:44:00,HR Report
459,2015-03-01 05:48:00,2015-03-01 05:48:00,2015-03-06 00:48:00,Grievance Resolution
460,2015-03-01 14:06:00,2015-03-10 09:35:00,2015-03-10 09:35:00,HR Report
461,2015-03-01 06:16:00,2015-03-01 06:16:00,2015-03-02 19:16:00,Job Classification
462,2015-03-01 06:28:00,2015-03-01 06:28:00,2015-03-01 06:28:00,HR Report
463,2015-03-01 07:16:00,2015-03-01 07:16:00,2015-03-02 23:16:00,Job Classification
464,2015-03-01 07:20:00,2015-03-01 07:20:00,2015-03-01 07:20:00,HR Report
465,2015-03-01 07:49:00,2015-03-01 07:49:00,2015-03-01 20:49:00,HR Report
466,2015-03-01 16:16:00,2015-03-02 02:22:00,2015-03-04 20:22:00,Training Delivery
467,2015-03-01 08:19:00,2015-03-01 08:19:00,2015-03-03 06:19:00,Job Classification
468,2015-03-02 00:35:00,2015-03-02 00:35:00,2015-03-04 05:35:00,Training Delivery
469,2015-03-02 00:55:00,2015-03-02 00:55:00,2015-03-03 20:55:00,Job Classification
470,2015-03-02 01:09:00,2015-03-02 01:09:00,2015-03-02 20:09:00,HR Report
471,2015-03-02 01:10:00,2015-03-02 01:10:00,2015-03-02 01:10:00,HR Report
472,2015-03-02 09:15:00,2015-03-03 01:39:00,2015-03-03 13:39:00,HR Report
473,2015-03-02 01:56:00,2015-03-02 01:56:00,2015-03-02 12:56:00,HR Report
474,2015-03-02 02:42:00,2015-03-02 02:42:00,2015-03-04 06:42:00,Training Delivery
475,2015-03-02 05:01:00,2015-03-02 05:01:00,2015-03-03 18:01:00,Job Classification
476,2015-03-02 02:54:00,2015-03-02 02:54:00,2015-03-03 04:54:00,Job Classification
477,2015-03-02 02:55:00,2015-03-02 02:55:00,2015-03-04 13:55:00,Training Delivery
478,2015-03-02 03:35:00,2015-03-02 03:35:00,2015-03-03 15:35:00,Job Classification
479,2015-03-02 04:28:00,2015-03-02 04:28:00,2015-03-03 23:28:00,Job Classification
480,2015-03-02 14:05:00,2015-03-03 02:35:00,2015-03-03 09:35:00,HR Report
481,2015-03-02 06:20:00,2015-03-02 06:20:00,2015-03-03 19:20:00,Job Classification
482,2015-03-02 14:22:00,2015-03-07 04:58:00,2015-03-08 06:58:00,Job Classification
483,2015-03-02 06:24:00,2015-03-02 06:24:00,2015-03-02 16:24:00,HR Report
484,2015-03-02 06:39:00,2015-03-02 06:39:00,2015-03-05 21:39:00,Recruitment
485,2015-03-02 06:54:00,2015-03-02 06:54:00,2015-03-03 23:54:00,Job Classification
486,2015-03-02 07:05:00,2015-03-02 07:05:00,2015-03-04 00:05:00,Job Classification
487,2015-03-02 07:09:00,2015-03-02 07:09:00,2015-03-02 07:09:00,HR Report
488,2015-03-02 07:36:00,2015-03-02 07:36:00,2015-03-02 14:36:00,HR Report
489,2015-03-02 15:37:00,2015-03-03 05:55:00,2015-03-03 19:55:00,HR Report
490,2015-03-03 00:11:00,2015-03-03 00:11:00,2015-03-05 21:11:00,Training Delivery
491,2015-03-03 00:58:00,2015-03-03 00:58:00,2015-03-03 00:58:00,HR Report
492,2015-03-03 01:20:00,2015-03-03 01:20:00,2015-03-04 00:20:00,Job Classification
493,2015-03-03 01:33:00,2015-03-03 01:33:00,2015-03-05 00:33:00,Job Classification
494,2015-03-03 02:32:00,2015-03-03 02:32:00,2015-03-05 02:32:00,Job Classification
495,2015-03-03 03:17:00,2015-03-03 03:17:00,2015-03-03 22:17:00,HR Report
496,2015-03-03 11:36:00,2015-03-07 04:54:00,2015-03-08 14:54:00,Job Classification
497,2015-03-03 03:39:00,2015-03-03 03:39:00,2015-03-04 21:39:00,Job Classification
498,2015-03-03 11:42:00,2015-03-10 10:08:00,2015-03-11 09:08:00,Job Classification
499,2015-03-03 11:55:00,2015-03-09 05:37:00,2015-03-09 05:37:00,HR Report
500,2015-03-03 13:30:00,2015-03-29 10:18:00,2015-03-29 10:18:00,HR Report
501,2015-03-03 13:43:00,2015-03-10 09:39:00,2015-03-11 11:39:00,Job Classification
502,2015-03-03 06:06:00,2015-03-03 06:06:00,2015-03-05 05:06:00,Job Classification
503,2015-03-03 06:19:00,2015-03-03 06:19:00,2015-03-05 00:19:00,Job Classification
504,2015-03-03 06:29:00,2015-03-03 06:29:00,2015-03-03 06:29:00,HR Report
505,2015-03-03 06:47:00,2015-03-03 06:47:00,2015-03-03 21:47:00,HR Report
506,2015-03-03 06:59:00,2015-03-03 06:59:00,2015-03-03 17:59:00,HR Report
507,2015-03-04 00:14:00,2015-03-04 00:14:00,2015-03-05 19:14:00,Job Classification
508,2015-03-04 00:29:00,2015-03-04 00:29:00,2015-03-04 13:29:00,HR Report
509,2015-03-04 00:53:00,2015-03-04 00:53:00,2015-03-04 00:53:00,HR Report
510,2015-03-04 01:21:00,2015-03-04 01:21:00,2015-03-05 07:21:00,Job Classification
511,2015-03-04 01:34:00,2015-03-04 01:34:00,2015-03-08 19:34:00,Grievance Resolution
512,2015-03-04 01:52:00,2015-03-04 01:52:00,2015-03-05 05:52:00,Job Classification
513,2015-03-04 02:55:00,2015-03-04 02:55:00,2015-03-05 11:55:00,Job Classification
514,2015-03-04 03:00:00,2015-03-04 03:00:00,2015-03-06 03:00:00,Job Classification
515,2015-03-04 07:29:00,2015-03-04 07:29:00,2015-03-07 23:29:00,Recruitment
516,2015-03-04 07:50:00,2015-03-04 07:50:00,2015-03-05 11:50:00,Job Classification
517,2015-03-04 16:41:00,2015-03-16 05:04:00,2015-03-17 12:04:00,Job Classification
518,2015-03-04 08:51:00,2015-03-04 08:51:00,2015-03-04 20:51:00,HR Report
519,2015-03-07 01:36:00,2015-03-07 01:36:00,2015-03-08 04:36:00,Job Classification
520,2015-03-07 02:32:00,2015-03-07 02:32:00,2015-03-07 02:32:00,HR Report
521,2015-03-07 03:25:00,2015-03-07 03:25:00,2015-03-07 03:25:00,HR Report
522,2015-03-07 04:11:00,2015-03-07 04:11:00,2015-03-07 04:11:00,HR Report
523,2015-03-07 05:24:00,2015-03-07 05:24:00,2015-03-07 20:24:00,HR Report
524,2015-03-07 05:31:00,2015-03-07 05:31:00,2015-03-07 05:31:00,HR Report
525,2015-03-07 05:43:00,2015-03-07 05:43:00,2015-03-11 08:43:00,Recruitment
526,2015-03-07 14:17:00,2015-03-16 05:06:00,2015-03-18 17:06:00,Training Delivery
527,2015-03-07 06:48:00,2015-03-07 06:48:00,2015-03-09 10:48:00,Training Delivery
528,2015-03-07 06:52:00,2015-03-07 06:52:00,2015-03-12 06:52:00,Grievance Resolution
529,2015-03-07 07:04:00,2015-03-07 07:04:00,2015-03-09 02:04:00,Job Classification
530,2015-03-07 07:17:00,2015-03-07 07:17:00,2015-03-07 21:17:00,HR Report
531,2015-03-07 07:25:00,2015-03-07 07:25:00,2015-03-07 07:25:00,HR Report
532,2015-03-08 00:38:00,2015-03-08 00:38:00,2015-03-08 00:38:00,HR Report
533,2015-03-08 01:26:00,2015-03-08 01:26:00,2015-03-10 02:26:00,Job Classification
534,2015-03-08 01:41:00,2015-03-08 01:41:00,2015-03-09 11:41:00,Job Classification
535,2015-03-08 01:51:00,2015-03-08 01:51:00,2015-03-09 03:51:00,Job Classification
536,2015-03-08 03:12:00,2015-03-08 03:12:00,2015-03-11 00:12:00,Training Delivery
537,2015-03-08 03:36:00,2015-03-08 03:36:00,2015-03-08 19:36:00,HR Report
538,2015-03-08 04:03:00,2015-03-08 04:03:00,2015-03-09 10:03:00,Job Classification
539,2015-03-08 08:43:00,2015-03-08 08:43:00,2015-03-10 16:43:00,Training Delivery
540,2015-03-08 04:22:00,2015-03-08 04:22:00,2015-03-10 18:22:00,Training Delivery
541,2015-03-08 04:29:00,2015-03-08 04:29:00,2015-03-10 19:29:00,Training Delivery
542,2015-03-08 04:49:00,2015-03-08 04:49:00,2015-03-10 04:49:00,Job Classification
543,2015-03-08 08:43:00,2015-03-08 08:43:00,2015-03-11 06:43:00,Training Delivery
544,2015-03-08 13:00:00,2015-03-09 06:42:00,2015-03-09 06:42:00,HR Report
545,2015-03-08 06:41:00,2015-03-08 06:41:00,2015-03-08 06:41:00,HR Report
546,2015-03-08 07:03:00,2015-03-08 07:03:00,2015-03-10 01:03:00,Job Classification
547,2015-03-08 07:32:00,2015-03-08 07:32:00,2015-03-09 11:32:00,Job Classification
548,2015-03-08 07:51:00,2015-03-08 07:51:00,2015-03-12 08:51:00,Recruitment
549,2015-03-08 07:59:00,2015-03-08 07:59:00,2015-03-09 06:59:00,Job Classification
550,2015-03-08 08:09:00,2015-03-08 08:09:00,2015-03-09 04:09:00,HR Report
551,2015-03-08 08:10:00,2015-03-08 08:10:00,2015-03-08 08:10:00,HR Report
552,2015-03-08 08:10:00,2015-03-08 08:10:00,2015-03-08 08:10:00,HR Report
553,2015-03-08 08:20:00,2015-03-08 08:20:00,2015-03-10 04:20:00,Job Classification
554,2015-03-08 08:24:00,2015-03-08 08:24:00,2015-03-10 16:24:00,Training Delivery
555,2015-03-08 08:32:00,2015-03-08 08:32:00,2015-03-10 19:32:00,Training Delivery
556,2015-03-08 08:32:00,2015-03-08 08:32:00,2015-03-10 08:32:00,Job Classification
557,2015-03-08 08:46:00,2015-03-08 08:46:00,2015-03-10 16:46:00,Training Delivery
558,2015-03-08 10:21:00,2015-03-08 10:21:00,2015-03-08 10:21:00,HR Report
559,2015-03-09 01:28:00,2015-03-09 01:28:00,2015-03-12 22:28:00,Recruitment
560,2015-03-09 01:39:00,2015-03-09 01:39:00,2015-03-09 02:39:00,HR Report
561,2015-03-09 02:57:00,2015-03-09 02:57:00,2015-03-10 05:57:00,Job Classification
562,2015-03-09 03:03:00,2015-03-09 03:03:00,2015-03-09 03:03:00,HR Report
563,2015-03-09 04:04:00,2015-03-09 04:04:00,2015-03-10 07:04:00,Job Classification
564,2015-03-09 06:31:00,2015-03-09 06:31:00,2015-03-11 10:31:00,Training Delivery
565,2015-03-09 11:25:00,2015-03-10 03:14:00,2015-03-13 05:14:00,Training Delivery
566,2015-03-09 04:54:00,2015-03-09 04:54:00,2015-03-09 04:54:00,HR Report
567,2015-03-09 05:00:00,2015-03-09 05:00:00,2015-03-10 21:00:00,Job Classification
568,2015-03-09 05:41:00,2015-03-09 05:41:00,2015-03-09 05:41:00,HR Report
569,2015-03-09 06:09:00,2015-03-09 06:09:00,2015-03-11 18:09:00,Training Delivery
570,2015-03-09 06:16:00,2015-03-09 06:16:00,2015-03-09 06:16:00,HR Report
571,2015-03-09 06:37:00,2015-03-09 06:37:00,2015-03-10 07:37:00,Job Classification
572,2015-03-09 06:38:00,2015-03-09 06:38:00,2015-03-09 06:38:00,HR Report
573,2015-03-09 06:56:00,2015-03-09 06:56:00,2015-03-10 14:56:00,Job Classification
574,2015-03-09 07:03:00,2015-03-09 07:03:00,2015-03-11 11:03:00,Training Delivery
575,2015-03-09 07:18:00,2015-03-09 07:18:00,2015-03-10 23:18:00,Job Classification
576,2015-03-09 07:38:00,2015-03-09 07:38:00,2015-03-12 02:38:00,Training Delivery
577,2015-03-09 07:58:00,2015-03-09 07:58:00,2015-03-11 02:58:00,Job Classification
578,2015-03-09 08:11:00,2015-03-09 08:11:00,2015-03-09 23:11:00,HR Report
579,2015-03-10 01:32:00,2015-03-10 01:32:00,2015-03-13 01:32:00,Training Delivery
580,2015-03-10 02:04:00,2015-03-10 02:04:00,2015-03-13 04:04:00,Training Delivery
581,2015-03-10 02:40:00,2015-03-10 02:40:00,2015-03-10 14:40:00,HR Report
582,2015-03-10 02:47:00,2015-03-10 02:47:00,2015-03-14 02:47:00,Recruitment
583,2015-03-10 03:00:00,2015-03-10 03:00:00,2015-03-11 20:00:00,Job Classification
584,2015-03-10 10:30:00,2015-03-11 04:17:00,2015-03-12 00:17:00,HR Report
585,2015-03-10 03:45:00,2015-03-10 03:45:00,2015-03-15 11:45:00,Grievance Resolution
586,2015-03-10 11:09:00,2015-03-16 05:44:00,2015-03-16 23:44:00,HR Report
587,2015-03-10 04:19:00,2015-03-10 04:19:00,2015-03-10 23:19:00,HR Report
588,2015-03-10 04:33:00,2015-03-10 04:33:00,2015-03-12 10:33:00,Training Delivery
589,2015-03-10 04:57:00,2015-03-10 04:57:00,2015-03-12 05:57:00,Job Classification
590,2015-03-10 05:53:00,2015-03-10 05:53:00,2015-03-11 23:53:00,Job Classification
591,2015-03-10 06:03:00,2015-03-10 06:03:00,2015-03-13 20:03:00,Recruitment
592,2015-03-10 06:09:00,2015-03-10 06:09:00,2015-03-11 06:09:00,Job Classification
593,2015-03-10 06:33:00,2015-03-10 06:33:00,2015-03-10 21:33:00,HR Report
594,2015-03-10 13:41:00,2015-03-16 09:03:00,2015-03-18 09:03:00,Job Classification
595,2015-03-10 06:49:00,2015-03-10 06:49:00,2015-03-11 22:49:00,Job Classification
596,2015-03-10 07:06:00,2015-03-10 07:06:00,2015-03-11 02:06:00,HR Report
597,2015-03-10 07:41:00,2015-03-10 07:41:00,2015-03-12 16:41:00,Training Delivery
598,2015-03-10 07:51:00,2015-03-10 07:51:00,2015-03-10 17:51:00,HR Report
599,2015-03-10 14:53:00,2015-03-16 05:47:00,2015-03-20 13:47:00,Grievance Resolution
600,2015-03-10 09:05:00,2015-03-10 09:05:00,2015-03-14 19:05:00,Grievance Resolution
601,2015-03-10 09:15:00,2015-03-10 09:15:00,2015-03-13 09:15:00,Training Delivery
602,2015-03-10 09:33:00,2015-03-10 09:33:00,2015-03-11 04:33:00,HR Report
603,2015-03-10 09:48:00,2015-03-10 09:48:00,2015-03-10 09:48:00,HR Report
604,2015-03-11 01:27:00,2015-03-11 01:27:00,2015-03-12 01:27:00,Job Classification
605,2015-03-11 03:02:00,2015-03-11 03:02:00,2015-03-11 11:02:00,HR Report
606,2015-03-11 04:19:00,2015-03-11 04:19:00,2015-03-13 01:19:00,Job Classification
607,2015-03-11 04:21:00,2015-03-11 04:21:00,2015-03-11 04:21:00,HR Report
608,2015-03-11 05:38:00,2015-03-11 05:38:00,2015-03-15 06:38:00,Recruitment
609,2015-03-11 04:34:00,2015-03-11 04:34:00,2015-03-12 17:34:00,Job Classification
610,2015-03-11 04:55:00,2015-03-11 04:55:00,2015-03-12 15:55:00,Job Classification
611,2015-03-11 05:04:00,2015-03-11 05:04:00,2015-03-12 13:04:00,Job Classification
612,2015-03-11 06:17:00,2015-03-11 06:17:00,2015-03-11 13:17:00,HR Report
613,2015-03-11 06:25:00,2015-03-11 06:25:00,2015-03-13 05:25:00,Job Classification
614,2015-03-11 06:39:00,2015-03-11 06:39:00,2015-03-12 09:39:00,Job Classification
615,2015-03-11 06:44:00,2015-03-11 06:44:00,2015-03-13 08:44:00,Job Classification
616,2015-03-11 09:20:00,2015-03-11 09:20:00,2015-03-11 09:20:00,HR Report
617,2015-03-11 09:23:00,2015-03-11 09:23:00,2015-03-11 09:23:00,HR Report
618,2015-03-11 09:35:00,2015-03-11 09:35:00,2015-03-11 09:35:00,HR Report
619,2015-03-11 16:56:00,2015-03-15 03:17:00,2015-03-17 10:17:00,Training Delivery
620,2015-03-14 03:33:00,2015-03-14 03:33:00,2015-03-14 18:33:00,HR Report
621,2015-03-14 03:41:00,2015-03-14 03:41:00,2015-03-14 12:41:00,HR Report
622,2015-03-14 04:00:00,2015-03-14 04:00:00,2015-03-15 22:00:00,Job Classification
623,2015-03-14 04:15:00,2015-03-14 04:15:00,2015-03-14 05:15:00,HR Report
624,2015-03-14 07:05:00,2015-03-14 07:05:00,2015-03-14 16:05:00,HR Report
625,2015-03-14 07:04:00,2015-03-14 07:04:00,2015-03-14 23:04:00,HR Report
626,2015-03-14 07:19:00,2015-03-14 07:19:00,2015-03-14 07:19:00,HR Report
627,2015-03-14 07:21:00,2015-03-14 07:21:00,2015-03-14 07:21:00,HR Report
628,2015-03-14 07:37:00,2015-03-14 07:37:00,2015-03-17 06:37:00,Training Delivery
629,2015-03-14 07:41:00,2015-03-14 07:41:00,2015-03-16 02:41:00,Job Classification
630,2015-03-14 08:04:00,2015-03-14 08:04:00,2015-03-16 01:04:00,Job Classification
631,2015-03-14 08:08:00,2015-03-14 08:08:00,2015-03-17 06:08:00,Training Delivery
632,2015-03-14 08:11:00,2015-03-14 08:11:00,2015-03-16 07:11:00,Job Classification
633,2015-03-15 01:27:00,2015-03-15 01:27:00,2015-03-18 19:27:00,Recruitment
634,2015-03-15 01:43:00,2015-03-15 01:43:00,2015-03-15 14:43:00,HR Report
635,2015-03-15 02:17:00,2015-03-15 02:17:00,2015-03-19 19:17:00,Grievance Resolution
636,2015-03-15 09:35:00,2015-03-31 04:49:00,2015-04-01 22:49:00,Job Classification
637,2015-03-15 03:23:00,2015-03-15 03:23:00,2015-03-15 03:23:00,HR Report
638,2015-03-15 06:42:00,2015-03-15 06:42:00,2015-03-17 01:42:00,Job Classification
639,2015-03-15 04:36:00,2015-03-15 04:36:00,2015-03-15 04:36:00,HR Report
640,2015-03-15 04:38:00,2015-03-15 04:38:00,2015-03-15 18:38:00,HR Report
641,2015-03-15 04:40:00,2015-03-15 04:40:00,2015-03-15 05:40:00,HR Report
642,2015-03-15 05:26:00,2015-03-15 05:26:00,2015-03-18 10:26:00,Training Delivery
643,2015-03-15 05:56:00,2015-03-15 05:56:00,2015-03-18 03:56:00,Training Delivery
644,2015-03-15 06:50:00,2015-03-15 06:50:00,2015-03-16 23:50:00,Job Classification
645,2015-03-15 06:55:00,2015-03-15 06:55:00,2015-03-17 22:55:00,Training Delivery
646,2015-03-15 07:55:00,2015-03-15 07:55:00,2015-03-17 15:55:00,Training Delivery
647,2015-03-16 00:37:00,2015-03-16 00:37:00,2015-03-16 16:37:00,HR Report
648,2015-03-16 00:55:00,2015-03-16 00:55:00,2015-03-17 10:55:00,Job Classification
649,2015-03-16 02:13:00,2015-03-16 02:13:00,2015-03-16 02:13:00,HR Report
650,2015-03-16 09:16:00,2015-03-30 09:30:00,2015-04-01 21:30:00,Training Delivery
651,2015-03-16 09:19:00,2015-03-30 09:17:00,2015-03-30 14:17:00,HR Report
652,2015-03-16 09:25:00,2015-03-30 08:41:00,2015-03-31 05:41:00,Job Classification
653,2015-03-16 02:47:00,2015-03-16 02:47:00,2015-03-20 00:47:00,Recruitment
654,2015-03-16 09:55:00,2015-03-24 09:40:00,2015-03-28 03:40:00,Recruitment
655,2015-03-16 03:35:00,2015-03-16 03:35:00,2015-03-19 23:35:00,Recruitment
656,2015-03-16 04:11:00,2015-03-16 04:11:00,2015-03-18 13:11:00,Training Delivery
657,2015-03-16 04:25:00,2015-03-16 04:25:00,2015-03-21 05:25:00,Grievance Resolution
658,2015-03-16 04:27:00,2015-03-16 04:27:00,2015-03-18 16:27:00,Training Delivery
659,2015-03-16 04:38:00,2015-03-16 04:38:00,2015-03-18 08:38:00,Training Delivery
660,2015-03-16 05:24:00,2015-03-16 05:24:00,2015-03-16 05:24:00,HR Report
661,2015-03-16 05:28:00,2015-03-16 05:28:00,2015-03-17 21:28:00,Job Classification
662,2015-03-16 08:40:00,2015-03-16 08:40:00,2015-03-16 20:40:00,HR Report
663,2015-03-16 07:05:00,2015-03-16 07:05:00,2015-03-16 22:05:00,HR Report
664,2015-03-16 14:12:00,2015-04-18 10:23:00,2015-04-19 16:23:00,Job Classification
665,2015-03-16 07:24:00,2015-03-16 07:24:00,2015-03-18 00:24:00,Job Classification
666,2015-03-16 07:45:00,2015-03-16 07:45:00,2015-03-17 15:45:00,Job Classification
667,2015-03-17 04:40:00,2015-03-17 04:40:00,2015-03-19 08:40:00,Training Delivery
668,2015-03-17 02:06:00,2015-03-17 02:06:00,2015-03-17 02:06:00,HR Report
669,2015-03-17 05:55:00,2015-03-17 05:55:00,2015-03-20 06:55:00,Training Delivery
670,2015-03-17 06:14:00,2015-03-17 06:14:00,2015-03-17 06:14:00,HR Report
671,2015-03-17 06:19:00,2015-03-17 06:19:00,2015-03-17 06:19:00,HR Report
672,2015-03-17 07:37:00,2015-03-17 07:37:00,2015-03-20 07:37:00,Training Delivery
673,2015-03-18 01:42:00,2015-03-18 01:42:00,2015-03-19 19:42:00,Job Classification
674,2015-03-18 01:47:00,2015-03-18 01:47:00,2015-03-19 09:47:00,Job Classification
675,2015-03-18 02:35:00,2015-03-18 02:35:00,2015-03-18 02:35:00,HR Report
676,2015-03-18 03:01:00,2015-03-18 03:01:00,2015-03-19 12:01:00,Job Classification
677,2015-03-18 03:30:00,2015-03-18 03:30:00,2015-03-19 12:30:00,Job Classification
678,2015-03-18 03:48:00,2015-03-18 03:48:00,2015-03-22 01:48:00,Recruitment
679,2015-03-18 04:05:00,2015-03-18 04:05:00,2015-03-21 18:05:00,Recruitment
680,2015-03-18 04:34:00,2015-03-18 04:34:00,2015-03-20 00:34:00,Job Classification
681,2015-03-18 06:05:00,2015-03-18 06:05:00,2015-03-20 16:05:00,Training Delivery
682,2015-03-18 06:06:00,2015-03-18 06:06:00,2015-03-23 15:06:00,Grievance Resolution
683,2015-03-18 06:16:00,2015-03-18 06:16:00,2015-03-19 10:16:00,Job Classification
684,2015-03-18 06:35:00,2015-03-18 06:35:00,2015-03-19 14:35:00,Job Classification
685,2015-03-21 01:36:00,2015-03-21 01:36:00,2015-03-22 18:36:00,Job Classification
686,2015-03-21 02:49:00,2015-03-21 02:49:00,2015-03-22 19:49:00,Job Classification
687,2015-03-21 03:14:00,2015-03-21 03:14:00,2015-03-24 10:14:00,Training Delivery
688,2015-03-21 03:26:00,2015-03-21 03:26:00,2015-03-22 19:26:00,Job Classification
689,2015-03-21 04:02:00,2015-03-21 04:02:00,2015-03-23 20:02:00,Training Delivery
690,2015-03-21 04:35:00,2015-03-21 04:35:00,2015-03-21 04:35:00,HR Report
691,2015-03-21 05:30:00,2015-03-21 05:30:00,2015-03-21 13:30:00,HR Report
692,2015-03-21 05:57:00,2015-03-21 05:57:00,2015-03-23 06:57:00,Job Classification
693,2015-03-21 06:22:00,2015-03-21 06:22:00,2015-03-23 22:22:00,Training Delivery
694,2015-03-21 16:26:00,2015-03-25 06:29:00,2015-03-27 01:29:00,Job Classification
695,2015-03-22 02:55:00,2015-03-22 02:55:00,2015-03-22 16:55:00,HR Report
696,2015-03-22 01:55:00,2015-03-22 01:55:00,2015-03-24 21:55:00,Training Delivery
697,2015-03-22 02:39:00,2015-03-22 02:39:00,2015-03-23 16:39:00,Job Classification
698,2015-03-22 10:30:00,2015-03-31 09:15:00,2015-04-02 04:15:00,Job Classification
699,2015-03-22 05:29:00,2015-03-22 05:29:00,2015-03-22 23:29:00,HR Report
700,2015-03-22 05:47:00,2015-03-22 05:47:00,2015-03-24 23:47:00,Training Delivery
701,2015-03-22 06:14:00,2015-03-22 06:14:00,2015-03-24 09:14:00,Training Delivery
702,2015-03-22 13:19:00,2015-05-11 07:20:00,2015-05-13 00:20:00,Job Classification
703,2015-03-22 06:55:00,2015-03-22 06:55:00,2015-03-23 20:55:00,Job Classification
704,2015-03-22 07:29:00,2015-03-22 07:29:00,2015-03-22 07:29:00,HR Report
705,2015-03-22 08:45:00,2015-03-22 08:45:00,2015-03-25 03:45:00,Training Delivery
706,2015-03-22 08:50:00,2015-03-22 08:50:00,2015-03-22 08:50:00,HR Report
707,2015-03-23 01:24:00,2015-03-23 01:24:00,2015-03-25 11:24:00,Training Delivery
708,2015-03-23 02:02:00,2015-03-23 02:02:00,2015-03-25 11:02:00,Training Delivery
709,2015-03-23 03:32:00,2015-03-23 03:32:00,2015-03-25 07:32:00,Training Delivery
710,2015-03-23 03:39:00,2015-03-23 03:39:00,2015-03-23 07:39:00,HR Report
711,2015-03-23 05:04:00,2015-03-23 05:04:00,2015-03-23 13:04:00,HR Report
712,2015-03-23 06:14:00,2015-03-23 06:14:00,2015-03-23 08:14:00,HR Report
713,2015-03-23 07:06:00,2015-03-23 07:06:00,2015-03-23 07:06:00,HR Report
714,2015-03-23 08:20:00,2015-03-23 08:20:00,2015-03-25 06:20:00,Job Classification
715,2015-03-24 02:34:00,2015-03-24 02:34:00,2015-03-24 09:34:00,HR Report
716,2015-03-24 02:38:00,2015-03-24 02:38:00,2015-03-26 06:38:00,Training Delivery
717,2015-03-24 02:58:00,2015-03-24 02:58:00,2015-03-26 06:58:00,Training Delivery
718,2015-03-24 03:22:00,2015-03-24 03:22:00,2015-03-24 03:22:00,HR Report
719,2015-03-24 03:41:00,2015-03-24 03:41:00,2015-03-26 15:41:00,Training Delivery
720,2015-03-24 03:54:00,2015-03-24 03:54:00,2015-03-24 14:54:00,HR Report
721,2015-03-24 04:05:00,2015-03-24 04:05:00,2015-03-25 21:05:00,Job Classification
722,2015-03-24 07:37:00,2015-03-24 07:37:00,2015-03-25 22:37:00,Job Classification
723,2015-03-24 07:44:00,2015-03-24 07:44:00,2015-03-24 13:44:00,HR Report
724,2015-03-24 08:38:00,2015-03-24 08:38:00,2015-03-27 22:38:00,Recruitment
725,2015-03-24 16:28:00,2015-03-28 09:51:00,2015-03-28 13:51:00,HR Report
726,2015-03-24 09:45:00,2015-03-24 09:45:00,2015-03-28 00:45:00,Recruitment
727,2015-03-24 09:51:00,2015-03-24 09:51:00,2015-03-24 09:51:00,HR Report
728,2015-03-24 09:59:00,2015-03-24 09:59:00,2015-03-27 15:59:00,Training Delivery
729,2015-03-24 10:17:00,2015-03-24 10:17:00,2015-03-27 08:17:00,Training Delivery
730,2015-03-24 10:51:00,2015-03-24 10:51:00,2015-03-26 17:51:00,Training Delivery
731,2015-03-25 01:36:00,2015-03-25 01:36:00,2015-03-25 14:36:00,HR Report
732,2015-03-25 01:38:00,2015-03-25 01:38:00,2015-03-25 14:38:00,HR Report
733,2015-03-25 03:53:00,2015-03-25 03:53:00,2015-03-25 04:53:00,HR Report
734,2015-03-25 04:03:00,2015-03-25 04:03:00,2015-03-25 04:03:00,HR Report
735,2015-03-25 11:15:00,2015-03-28 10:19:00,2015-03-28 21:19:00,HR Report
736,2015-03-25 05:35:00,2015-03-25 05:35:00,2015-03-30 12:35:00,Grievance Resolution
737,2015-03-25 07:46:00,2015-03-25 07:46:00,2015-03-25 07:46:00,HR Report
738,2015-03-25 08:09:00,2015-03-25 08:09:00,2015-03-30 01:09:00,Grievance Resolution
739,2015-03-25 08:28:00,2015-03-25 08:28:00,2015-03-25 10:28:00,HR Report
740,2015-03-25 09:25:00,2015-03-25 09:25:00,2015-03-27 01:25:00,Job Classification
741,2015-03-28 01:12:00,2015-03-28 01:12:00,2015-03-30 18:12:00,Training Delivery
742,2015-03-28 01:33:00,2015-03-28 01:33:00,2015-03-30 08:33:00,Training Delivery
743,2015-03-28 01:56:00,2015-03-28 01:56:00,2015-03-31 09:56:00,Training Delivery
744,2015-03-28 02:15:00,2015-03-28 02:15:00,2015-03-28 02:15:00,HR Report
745,2015-03-28 02:47:00,2015-03-28 02:47:00,2015-03-28 02:47:00,HR Report
746,2015-03-28 03:58:00,2015-03-28 03:58:00,2015-03-29 08:58:00,Job Classification
747,2015-03-28 11:09:00,2015-03-29 10:37:00,2015-03-30 20:37:00,Job Classification
748,2015-03-28 04:43:00,2015-03-28 04:43:00,2015-03-29 22:43:00,Job Classification
749,2015-03-28 04:57:00,2015-03-28 04:57:00,2015-03-31 00:57:00,Training Delivery
750,2015-03-28 06:34:00,2015-03-28 06:34:00,2015-03-29 06:34:00,Job Classification
751,2015-03-28 06:55:00,2015-03-28 06:55:00,2015-03-29 15:55:00,Job Classification
752,2015-03-28 07:24:00,2015-03-28 07:24:00,2015-03-29 05:24:00,Job Classification
753,2015-03-28 07:37:00,2015-03-28 07:37:00,2015-03-28 18:37:00,HR Report
754,2015-03-28 07:40:00,2015-03-28 07:40:00,2015-03-28 14:40:00,HR Report
755,2015-03-28 07:42:00,2015-03-28 07:42:00,2015-03-29 11:42:00,Job Classification
756,2015-03-28 07:45:00,2015-03-28 07:45:00,2015-03-28 20:45:00,HR Report
757,2015-03-28 07:52:00,2015-03-28 07:52:00,2015-03-28 08:52:00,HR Report
758,2015-03-28 08:04:00,2015-03-28 08:04:00,2015-03-29 19:04:00,Job Classification
759,2015-03-28 08:06:00,2015-03-28 08:06:00,2015-03-31 11:06:00,Training Delivery
760,2015-03-28 08:17:00,2015-03-28 08:17:00,2015-03-30 21:17:00,Training Delivery
761,2015-03-28 08:42:00,2015-03-28 08:42:00,2015-03-28 08:42:00,HR Report
762,2015-03-28 08:51:00,2015-03-28 08:51:00,2015-03-28 11:51:00,HR Report
763,2015-03-29 00:08:00,2015-03-29 00:08:00,2015-03-30 15:08:00,Job Classification
764,2015-03-29 00:19:00,2015-03-29 00:19:00,2015-03-29 00:19:00,HR Report
765,2015-03-29 00:21:00,2015-03-29 00:21:00,2015-03-31 18:21:00,Training Delivery
766,2015-03-29 00:23:00,2015-03-29 00:23:00,2015-03-29 13:23:00,HR Report
767,2015-03-29 00:24:00,2015-03-29 00:24:00,2015-03-31 03:24:00,Training Delivery
768,2015-03-29 00:28:00,2015-03-29 00:28:00,2015-03-29 04:28:00,HR Report
769,2015-03-29 00:44:00,2015-03-29 00:44:00,2015-03-29 00:44:00,HR Report
770,2015-03-29 10:01:00,2015-03-30 02:02:00,2015-03-30 02:02:00,HR Report
771,2015-03-29 03:36:00,2015-03-29 03:36:00,2015-03-29 18:36:00,HR Report
772,2015-03-29 03:47:00,2015-03-29 03:47:00,2015-03-30 18:47:00,Job Classification
773,2015-03-29 03:52:00,2015-03-29 03:52:00,2015-03-31 14:52:00,Training Delivery
774,2015-03-29 04:05:00,2015-03-29 04:05:00,2015-03-30 05:05:00,Job Classification
775,2015-03-29 04:38:00,2015-03-29 04:38:00,2015-03-29 04:38:00,HR Report
776,2015-03-29 11:42:00,2015-04-05 10:08:00,2015-04-07 02:08:00,Job Classification
777,2015-03-29 04:44:00,2015-03-29 04:44:00,2015-03-29 15:44:00,HR Report
778,2015-03-29 04:49:00,2015-03-29 04:49:00,2015-04-01 08:49:00,Training Delivery
779,2015-03-29 05:18:00,2015-03-29 05:18:00,2015-03-31 13:18:00,Training Delivery
780,2015-03-29 05:19:00,2015-03-29 05:19:00,2015-03-30 08:19:00,Job Classification
781,2015-03-29 05:28:00,2015-03-29 05:28:00,2015-03-30 15:28:00,Job Classification
782,2015-03-29 06:14:00,2015-03-29 06:14:00,2015-03-29 06:14:00,HR Report
783,2015-03-29 15:34:00,2015-04-01 08:52:00,2015-04-02 05:52:00,Job Classification
784,2015-03-29 08:37:00,2015-03-29 08:37:00,2015-03-29 08:37:00,HR Report
785,2015-03-29 08:40:00,2015-03-29 08:40:00,2015-03-29 15:40:00,HR Report
786,2015-03-29 08:53:00,2015-03-29 08:53:00,2015-03-29 14:53:00,HR Report
787,2015-03-30 01:26:00,2015-03-30 01:26:00,2015-04-02 19:26:00,Recruitment
788,2015-03-30 01:56:00,2015-03-30 01:56:00,2015-03-31 13:56:00,Job Classification
789,2015-03-30 03:54:00,2015-03-30 03:54:00,2015-03-31 01:54:00,Job Classification
790,2015-03-30 10:39:00,2015-03-31 03:47:00,2015-04-02 04:47:00,Job Classification
791,2015-03-30 03:55:00,2015-03-30 03:55:00,2015-04-01 15:55:00,Training Delivery
792,2015-03-30 04:01:00,2015-03-30 04:01:00,2015-04-01 14:01:00,Training Delivery
793,2015-03-30 04:10:00,2015-03-30 04:10:00,2015-04-02 02:10:00,Training Delivery
794,2015-03-30 04:15:00,2015-03-30 04:15:00,2015-04-04 06:15:00,Grievance Resolution
795,2015-03-30 04:21:00,2015-03-30 04:21:00,2015-04-04 03:21:00,Grievance Resolution
796,2015-03-30 04:36:00,2015-03-30 04:36:00,2015-03-31 16:36:00,Job Classification
797,2015-03-30 05:06:00,2015-03-30 05:06:00,2015-04-02 06:06:00,Training Delivery
798,2015-03-30 05:22:00,2015-03-30 05:22:00,2015-04-02 06:22:00,Training Delivery
799,2015-03-30 05:28:00,2015-03-30 05:28:00,2015-03-31 02:28:00,Job Classification
800,2015-03-30 06:23:00,2015-03-30 06:23:00,2015-04-01 01:23:00,Job Classification
801,2015-03-30 06:47:00,2015-03-30 06:47:00,2015-03-31 23:47:00,Job Classification
802,2015-03-30 06:59:00,2015-03-30 06:59:00,2015-04-01 00:59:00,Job Classification
803,2015-03-30 07:17:00,2015-03-30 07:17:00,2015-03-31 18:17:00,Job Classification
804,2015-03-30 14:37:00,2015-04-06 10:42:00,2015-04-06 12:42:00,HR Report
805,2015-03-30 14:46:00,2015-04-05 10:32:00,2015-04-05 10:32:00,HR Report
806,2015-03-30 08:11:00,2015-03-30 08:11:00,2015-04-01 13:11:00,Training Delivery
807,2015-03-31 02:04:00,2015-03-31 02:04:00,2015-04-03 21:04:00,Recruitment
808,2015-03-31 02:14:00,2015-03-31 02:14:00,2015-03-31 15:14:00,HR Report
809,2015-03-31 02:29:00,2015-03-31 02:29:00,2015-04-02 11:29:00,Training Delivery
810,2015-03-31 02:39:00,2015-03-31 02:39:00,2015-04-01 13:39:00,Job Classification
811,2015-03-31 02:42:00,2015-03-31 02:42:00,2015-03-31 02:42:00,HR Report
812,2015-03-31 02:44:00,2015-03-31 02:44:00,2015-04-01 06:44:00,Job Classification
813,2015-03-31 09:47:00,2015-04-05 09:50:00,2015-04-10 04:50:00,Grievance Resolution
814,2015-03-31 03:10:00,2015-03-31 03:10:00,2015-03-31 03:10:00,HR Report
815,2015-03-31 03:23:00,2015-03-31 03:23:00,2015-04-02 04:23:00,Job Classification
816,2015-03-31 03:24:00,2015-03-31 03:24:00,2015-04-02 02:24:00,Job Classification
817,2015-03-31 03:29:00,2015-03-31 03:29:00,2015-04-02 06:29:00,Training Delivery
818,2015-03-31 03:53:00,2015-03-31 03:53:00,2015-04-04 23:53:00,Grievance Resolution
819,2015-03-31 11:00:00,2015-04-08 00:38:00,2015-04-10 23:38:00,Training Delivery
820,2015-03-31 04:02:00,2015-03-31 04:02:00,2015-04-03 18:02:00,Recruitment
821,2015-03-31 06:03:00,2015-03-31 06:03:00,2015-04-03 22:03:00,Recruitment
822,2015-03-31 13:16:00,2015-04-05 12:05:00,2015-04-07 07:05:00,Job Classification
823,2015-03-31 07:00:00,2015-03-31 07:00:00,2015-03-31 15:00:00,HR Report
824,2015-03-31 07:42:00,2015-03-31 07:42:00,2015-03-31 07:42:00,HR Report
825,2015-04-01 01:43:00,2015-04-01 01:43:00,2015-04-02 03:43:00,Job Classification
826,2015-04-01 01:52:00,2015-04-01 01:52:00,2015-04-04 00:52:00,Training Delivery
827,2015-04-01 05:05:00,2015-04-01 05:05:00,2015-04-02 22:05:00,Job Classification
828,2015-04-01 05:31:00,2015-04-01 05:31:00,2015-04-04 13:31:00,Training Delivery
829,2015-04-01 06:26:00,2015-04-01 06:26:00,2015-04-05 23:26:00,Grievance Resolution
830,2015-04-01 13:55:00,2015-05-18 04:25:00,2015-05-21 12:25:00,Training Delivery
831,2015-04-01 07:06:00,2015-04-01 07:06:00,2015-04-01 07:06:00,HR Report
832,2015-04-01 07:31:00,2015-04-01 07:31:00,2015-04-03 16:31:00,Training Delivery
833,2015-04-01 07:40:00,2015-04-01 07:40:00,2015-04-01 07:40:00,HR Report
834,2015-04-01 07:53:00,2015-04-01 07:53:00,2015-04-01 08:53:00,HR Report
835,2015-04-01 09:02:00,2015-04-01 09:02:00,2015-04-02 13:02:00,Job Classification
836,2015-04-05 01:19:00,2015-04-05 01:19:00,2015-04-05 19:19:00,HR Report
837,2015-04-05 01:30:00,2015-04-05 01:30:00,2015-04-07 15:30:00,Training Delivery
838,2015-04-05 01:46:00,2015-04-05 01:46:00,2015-04-05 07:46:00,HR Report
839,2015-04-05 02:15:00,2015-04-05 02:15:00,2015-04-07 03:15:00,Job Classification
840,2015-04-05 02:31:00,2015-04-05 02:31:00,2015-04-05 02:31:00,HR Report
841,2015-04-05 03:07:00,2015-04-05 03:07:00,2015-04-05 19:07:00,HR Report
842,2015-04-05 03:18:00,2015-04-05 03:18:00,2015-04-07 11:18:00,Training Delivery
843,2015-04-05 03:19:00,2015-04-05 03:19:00,2015-04-05 05:19:00,HR Report
844,2015-04-05 10:43:00,2015-04-05 11:35:00,2015-04-05 11:35:00,HR Report
845,2015-04-05 03:47:00,2015-04-05 03:47:00,2015-04-07 06:47:00,Training Delivery
846,2015-04-05 11:24:00,2015-04-05 12:11:00,2015-04-05 23:11:00,HR Report
847,2015-04-05 05:02:00,2015-04-05 05:02:00,2015-04-07 10:02:00,Training Delivery
848,2015-04-05 05:10:00,2015-04-05 05:10:00,2015-04-05 06:10:00,HR Report
849,2015-04-05 05:13:00,2015-04-05 05:13:00,2015-04-05 17:13:00,HR Report
850,2015-04-05 05:27:00,2015-04-05 05:27:00,2015-04-05 05:27:00,HR Report
851,2015-04-05 05:29:00,2015-04-05 05:29:00,2015-04-05 05:29:00,HR Report
852,2015-04-05 06:49:00,2015-04-05 06:49:00,2015-04-05 12:49:00,HR Report
853,2015-04-05 06:53:00,2015-04-05 06:53:00,2015-04-05 06:53:00,HR Report
854,2015-04-05 07:09:00,2015-04-05 07:09:00,2015-04-08 11:09:00,Training Delivery
855,2015-04-05 14:21:00,2015-04-07 01:31:00,2015-04-07 16:31:00,HR Report
856,2015-04-05 07:31:00,2015-04-05 07:31:00,2015-04-07 13:31:00,Training Delivery
857,2015-04-05 07:52:00,2015-04-05 07:52:00,2015-04-07 20:52:00,Training Delivery
858,2015-04-05 07:55:00,2015-04-05 07:55:00,2015-04-06 20:55:00,Job Classification
859,2015-04-05 08:13:00,2015-04-05 08:13:00,2015-04-05 08:13:00,HR Report
860,2015-04-05 08:23:00,2015-04-05 08:23:00,2015-04-07 01:23:00,Job Classification
861,2015-04-05 08:43:00,2015-04-05 08:43:00,2015-04-05 17:43:00,HR Report
862,2015-04-06 01:37:00,2015-04-06 01:37:00,2015-04-06 01:37:00,HR Report
863,2015-04-06 02:41:00,2015-04-06 02:41:00,2015-04-09 05:41:00,Training Delivery
864,2015-04-06 03:13:00,2015-04-06 03:13:00,2015-04-06 03:13:00,HR Report
865,2015-04-06 04:27:00,2015-04-06 04:27:00,2015-04-06 15:27:00,HR Report
866,2015-04-06 05:20:00,2015-04-06 05:20:00,2015-04-09 19:20:00,Recruitment
867,2015-04-06 13:01:00,2015-04-15 09:26:00,2015-04-16 11:26:00,Job Classification
868,2015-04-06 06:13:00,2015-04-06 06:13:00,2015-04-06 17:13:00,HR Report
869,2015-04-06 06:27:00,2015-04-06 06:27:00,2015-04-09 10:27:00,Training Delivery
870,2015-04-06 06:32:00,2015-04-06 06:32:00,2015-04-07 01:32:00,HR Report
871,2015-04-06 13:51:00,2015-04-18 10:26:00,2015-04-18 10:26:00,HR Report
872,2015-04-06 06:55:00,2015-04-06 06:55:00,2015-04-07 11:55:00,Job Classification
873,2015-04-06 07:21:00,2015-04-06 07:21:00,2015-04-06 07:21:00,HR Report
874,2015-04-06 07:24:00,2015-04-06 07:24:00,2015-04-09 18:24:00,Recruitment
875,2015-04-06 08:52:00,2015-04-06 08:52:00,2015-04-06 08:52:00,HR Report
876,2015-04-07 03:01:00,2015-04-07 03:01:00,2015-04-11 23:01:00,Grievance Resolution
877,2015-04-07 04:10:00,2015-04-07 04:10:00,2015-04-08 06:10:00,Job Classification
878,2015-04-07 12:40:00,2015-04-08 02:36:00,2015-04-10 10:36:00,Training Delivery
879,2015-04-07 06:20:00,2015-04-07 06:20:00,2015-04-07 23:20:00,HR Report
880,2015-04-07 07:11:00,2015-04-07 07:11:00,2015-04-07 14:11:00,HR Report
881,2015-04-07 07:16:00,2015-04-07 07:16:00,2015-04-07 07:16:00,HR Report
882,2015-04-07 14:55:00,2015-04-12 05:14:00,2015-04-12 05:14:00,HR Report
883,2015-04-07 08:03:00,2015-04-07 08:03:00,2015-04-10 20:03:00,Recruitment
884,2015-04-07 08:18:00,2015-04-07 08:18:00,2015-04-12 01:18:00,Grievance Resolution
885,2015-04-07 09:59:00,2015-04-07 09:59:00,2015-04-08 22:59:00,Job Classification
886,2015-04-08 02:10:00,2015-04-08 02:10:00,2015-04-08 02:10:00,HR Report
887,2015-04-08 02:19:00,2015-04-08 02:19:00,2015-04-09 03:19:00,Job Classification
888,2015-04-08 11:30:00,2015-04-18 03:41:00,2015-04-18 03:41:00,HR Report
889,2015-04-08 05:03:00,2015-04-08 05:03:00,2015-04-10 08:03:00,Training Delivery
890,2015-04-08 08:49:00,2015-04-08 08:49:00,2015-04-10 06:49:00,Job Classification
891,2015-04-08 08:49:00,2015-04-08 08:49:00,2015-04-09 05:49:00,Job Classification
892,2015-04-08 08:49:00,2015-04-08 08:49:00,2015-04-08 08:49:00,HR Report
893,2015-04-11 08:49:00,2015-04-14 08:49:00,2015-04-15 17:49:00,Job Classification
894,2015-04-11 01:55:00,2015-04-11 01:55:00,2015-04-11 13:55:00,HR Report
895,2015-04-11 02:04:00,2015-04-11 02:04:00,2015-04-13 02:04:00,Job Classification
896,2015-04-11 02:13:00,2015-04-11 02:13:00,2015-04-12 12:13:00,Job Classification
897,2015-04-11 02:13:00,2015-04-11 02:13:00,2015-04-13 01:13:00,Job Classification
898,2015-04-11 02:21:00,2015-04-11 02:21:00,2015-04-13 03:21:00,Job Classification
899,2015-04-11 02:21:00,2015-04-11 02:21:00,2015-04-12 14:21:00,Job Classification
900,2015-04-11 02:22:00,2015-04-11 02:22:00,2015-04-11 02:22:00,HR Report
901,2015-04-11 02:41:00,2015-04-11 02:41:00,2015-04-12 17:41:00,Job Classification
902,2015-04-11 02:41:00,2015-04-11 02:41:00,2015-04-13 00:41:00,Job Classification
903,2015-04-11 02:43:00,2015-04-11 02:43:00,2015-04-11 13:43:00,HR Report
904,2015-04-11 02:43:00,2015-04-11 02:43:00,2015-04-11 02:43:00,HR Report
905,2015-04-11 02:43:00,2015-04-11 02:43:00,2015-04-15 07:43:00,Grievance Resolution
906,2015-04-11 03:02:00,2015-04-11 03:02:00,2015-04-15 04:02:00,Recruitment
907,2015-04-11 10:02:00,2015-04-12 05:14:00,2015-04-16 06:14:00,Recruitment
908,2015-04-11 03:08:00,2015-04-11 03:08:00,2015-04-11 03:08:00,HR Report
909,2015-04-11 04:43:00,2015-04-11 04:43:00,2015-04-13 12:43:00,Training Delivery
910,2015-04-11 05:12:00,2015-04-11 05:12:00,2015-04-16 08:12:00,Grievance Resolution
911,2015-04-11 06:02:00,2015-04-11 06:02:00,2015-04-12 19:02:00,Job Classification
912,2015-04-11 06:18:00,2015-04-11 06:18:00,2015-04-14 00:18:00,Training Delivery
913,2015-04-11 06:26:00,2015-04-11 06:26:00,2015-04-13 04:26:00,Job Classification
914,2015-04-11 06:44:00,2015-04-11 06:44:00,2015-04-12 05:44:00,Job Classification
915,2015-04-12 03:19:00,2015-04-12 03:19:00,2015-04-14 23:19:00,Training Delivery
916,2015-04-12 06:56:00,2015-04-12 06:56:00,2015-04-16 04:56:00,Recruitment
917,2015-04-12 08:22:00,2015-04-12 08:22:00,2015-04-13 13:22:00,Job Classification
918,2015-04-12 08:23:00,2015-04-12 08:23:00,2015-04-12 20:23:00,HR Report
919,2015-04-12 08:23:00,2015-04-12 08:23:00,2015-04-14 19:23:00,Training Delivery
920,2015-04-12 08:31:00,2015-04-12 08:31:00,2015-04-15 10:31:00,Training Delivery
921,2015-04-13 01:53:00,2015-04-13 01:53:00,2015-04-16 00:53:00,Training Delivery
922,2015-04-13 03:20:00,2015-04-13 03:20:00,2015-04-15 03:20:00,Job Classification
923,2015-04-13 03:33:00,2015-04-13 03:33:00,2015-04-14 20:33:00,Job Classification
924,2015-04-13 03:53:00,2015-04-13 03:53:00,2015-04-13 09:53:00,HR Report
925,2015-04-13 07:11:00,2015-04-13 07:11:00,2015-04-13 16:11:00,HR Report
926,2015-04-13 07:43:00,2015-04-13 07:43:00,2015-04-16 18:43:00,Recruitment
927,2015-04-13 08:33:00,2015-04-13 08:33:00,2015-04-13 08:33:00,HR Report
928,2015-04-13 08:45:00,2015-04-13 08:45:00,2015-04-14 07:45:00,Job Classification
929,2015-04-14 11:27:00,2015-05-10 05:45:00,2015-05-13 20:45:00,Recruitment
930,2015-04-14 13:00:00,2015-04-15 07:14:00,2015-04-18 04:14:00,Training Delivery
931,2015-04-14 06:59:00,2015-04-14 06:59:00,2015-04-16 00:59:00,Job Classification
932,2015-04-15 01:17:00,2015-04-15 01:17:00,2015-04-17 17:17:00,Training Delivery
933,2015-04-15 08:05:00,2015-04-15 08:05:00,2015-04-19 01:05:00,Recruitment
934,2015-04-18 01:35:00,2015-04-18 01:35:00,2015-04-18 04:35:00,HR Report
935,2015-04-18 01:39:00,2015-04-18 01:39:00,2015-04-18 01:39:00,HR Report
936,2015-04-18 02:10:00,2015-04-18 02:10:00,2015-04-18 02:10:00,HR Report
937,2015-04-18 03:04:00,2015-04-18 03:04:00,2015-04-19 19:04:00,Job Classification
938,2015-04-18 03:05:00,2015-04-18 03:05:00,2015-04-20 23:05:00,Training Delivery
939,2015-04-18 03:34:00,2015-04-18 03:34:00,2015-04-19 21:34:00,Job Classification
940,2015-04-18 04:22:00,2015-04-18 04:22:00,2015-04-19 05:22:00,Job Classification
941,2015-04-18 04:39:00,2015-04-18 04:39:00,2015-04-18 04:39:00,HR Report
942,2015-04-18 08:46:00,2015-04-18 08:46:00,2015-04-18 08:46:00,HR Report
943,2015-04-19 02:00:00,2015-04-19 02:00:00,2015-04-19 17:00:00,HR Report
944,2015-04-19 02:03:00,2015-04-19 02:03:00,2015-04-23 09:03:00,Grievance Resolution
945,2015-04-19 02:19:00,2015-04-19 02:19:00,2015-04-23 06:19:00,Recruitment
946,2015-04-19 03:07:00,2015-04-19 03:07:00,2015-04-21 10:07:00,Training Delivery
947,2015-04-19 03:31:00,2015-04-19 03:31:00,2015-04-19 21:31:00,HR Report
948,2015-04-19 04:30:00,2015-04-19 04:30:00,2015-04-19 04:30:00,HR Report
949,2015-04-19 11:53:00,2015-05-02 06:27:00,2015-05-02 06:27:00,HR Report
950,2015-04-19 05:15:00,2015-04-19 05:15:00,2015-04-19 05:15:00,HR Report
951,2015-04-19 05:22:00,2015-04-19 05:22:00,2015-04-19 05:22:00,HR Report
952,2015-04-19 08:09:00,2015-04-19 08:09:00,2015-04-21 12:09:00,Training Delivery
953,2015-04-19 08:45:00,2015-04-19 08:45:00,2015-04-20 04:45:00,HR Report
954,2015-04-19 08:48:00,2015-04-19 08:48:00,2015-04-22 08:48:00,Training Delivery
955,2015-04-19 12:41:00,2015-04-19 12:41:00,2015-04-19 12:41:00,HR Report
956,2015-04-20 00:57:00,2015-04-20 00:57:00,2015-04-21 07:57:00,Job Classification
957,2015-04-20 01:18:00,2015-04-20 01:18:00,2015-04-21 03:18:00,Job Classification
958,2015-04-20 01:19:00,2015-04-20 01:19:00,2015-04-21 11:19:00,Job Classification
959,2015-04-20 02:50:00,2015-04-20 02:50:00,2015-04-20 02:50:00,HR Report
960,2015-04-20 02:57:00,2015-04-20 02:57:00,2015-04-20 02:57:00,HR Report
961,2015-04-20 03:31:00,2015-04-20 03:31:00,2015-04-22 04:31:00,Job Classification
962,2015-04-20 10:42:00,2015-04-27 05:48:00,2015-05-01 01:48:00,Grievance Resolution
963,2015-04-20 04:41:00,2015-04-20 04:41:00,2015-04-21 11:41:00,Job Classification
964,2015-04-20 04:48:00,2015-04-20 04:48:00,2015-04-23 00:48:00,Training Delivery
965,2015-04-20 05:58:00,2015-04-20 05:58:00,2015-04-23 13:58:00,Training Delivery
966,2015-04-20 07:26:00,2015-04-20 07:26:00,2015-04-20 22:26:00,HR Report
967,2015-04-20 08:06:00,2015-04-20 08:06:00,2015-04-21 07:06:00,Job Classification
968,2015-04-20 08:09:00,2015-04-20 08:09:00,2015-04-20 08:09:00,HR Report
969,2015-04-20 15:19:00,2015-05-12 03:30:00,2015-05-12 03:30:00,HR Report
970,2015-04-20 08:24:00,2015-04-20 08:24:00,2015-04-21 18:24:00,Job Classification
971,2015-04-20 08:55:00,2015-04-20 08:55:00,2015-04-23 19:55:00,Recruitment
972,2015-04-20 09:31:00,2015-04-20 09:31:00,2015-04-21 12:31:00,Job Classification
973,2015-04-21 08:42:00,2015-05-03 07:55:00,2015-05-03 15:55:00,HR Report
974,2015-04-21 02:11:00,2015-04-21 02:11:00,2015-04-22 18:11:00,Job Classification
975,2015-04-21 03:20:00,2015-04-21 03:20:00,2015-04-21 03:20:00,HR Report
976,2015-04-21 02:47:00,2015-04-21 02:47:00,2015-04-23 01:47:00,Job Classification
977,2015-04-21 02:55:00,2015-04-21 02:55:00,2015-04-21 02:55:00,HR Report
978,2015-04-21 03:21:00,2015-04-21 03:21:00,2015-04-21 03:21:00,HR Report
979,2015-04-21 04:04:00,2015-04-21 04:04:00,2015-04-24 22:04:00,Recruitment
980,2015-04-21 04:06:00,2015-04-21 04:06:00,2015-04-23 19:06:00,Training Delivery
981,2015-04-21 04:17:00,2015-04-21 04:17:00,2015-04-22 14:17:00,Job Classification
982,2015-04-21 05:52:00,2015-04-21 05:52:00,2015-04-21 10:52:00,HR Report
983,2015-04-21 06:08:00,2015-04-21 06:08:00,2015-04-24 09:08:00,Training Delivery
984,2015-04-21 07:47:00,2015-04-21 07:47:00,2015-04-21 07:47:00,HR Report
985,2015-04-21 07:51:00,2015-04-21 07:51:00,2015-04-21 07:51:00,HR Report
986,2015-04-21 08:03:00,2015-04-21 08:03:00,2015-04-21 08:03:00,HR Report
987,2015-04-21 08:06:00,2015-04-21 08:06:00,2015-04-21 08:06:00,HR Report
988,2015-04-21 08:11:00,2015-04-21 08:11:00,2015-04-22 21:11:00,Job Classification
989,2015-04-21 08:50:00,2015-04-21 08:50:00,2015-04-22 23:50:00,Job Classification
990,2015-04-21 09:10:00,2015-04-21 09:10:00,2015-04-21 09:10:00,HR Report
991,2015-04-21 09:33:00,2015-04-21 09:33:00,2015-04-22 14:33:00,Job Classification
992,2015-04-21 10:05:00,2015-04-21 10:05:00,2015-04-22 07:05:00,Job Classification
993,2015-04-21 10:38:00,2015-04-21 10:38:00,2015-04-23 05:38:00,Job Classification
994,2015-04-22 02:40:00,2015-04-22 02:40:00,2015-04-24 19:40:00,Training Delivery
995,2015-04-22 02:08:00,2015-04-22 02:08:00,2015-04-22 02:08:00,HR Report
996,2015-04-22 03:00:00,2015-04-22 03:00:00,2015-04-23 13:00:00,Job Classification
997,2015-04-22 04:10:00,2015-04-22 04:10:00,2015-04-24 03:10:00,Job Classification
998,2015-04-22 05:37:00,2015-04-22 05:37:00,2015-04-23 10:37:00,Job Classification
999,2015-04-22 05:57:00,2015-04-22 05:57:00,2015-04-25 20:57:00,Recruitment
1000,2015-04-22 06:38:00,2015-04-22 06:38:00,2015-04-22 06:38:00,HR Report
1001,2015-04-22 06:56:00,2015-04-22 06:56:00,2015-04-24 17:56:00,Training Delivery
1002,2015-04-22 09:42:00,2015-04-22 09:42:00,2015-04-22 23:42:00,HR Report
1003,2015-04-22 09:57:00,2015-04-22 09:57:00,2015-04-23 07:57:00,Job Classification
1004,2015-04-25 03:07:00,2015-04-25 03:07:00,2015-04-25 03:07:00,HR Report
1005,2015-04-25 03:12:00,2015-04-25 03:12:00,2015-04-28 15:12:00,Recruitment
1006,2015-04-25 03:30:00,2015-04-25 03:30:00,2015-04-28 14:30:00,Recruitment
1007,2015-04-25 03:58:00,2015-04-25 03:58:00,2015-04-25 03:58:00,HR Report
1008,2015-04-25 04:13:00,2015-04-25 04:13:00,2015-04-25 04:13:00,HR Report
1009,2015-04-25 13:05:00,2015-04-26 08:47:00,2015-04-26 21:47:00,HR Report
1010,2015-04-25 14:49:00,2015-04-26 03:34:00,2015-04-29 01:34:00,Training Delivery
1011,2015-04-25 08:17:00,2015-04-25 08:17:00,2015-04-25 21:17:00,HR Report
1012,2015-04-25 09:06:00,2015-04-25 09:06:00,2015-04-26 15:06:00,Job Classification
1013,2015-04-25 09:18:00,2015-04-25 09:18:00,2015-04-28 19:18:00,Recruitment
1014,2015-04-26 02:36:00,2015-04-26 02:36:00,2015-04-28 19:36:00,Training Delivery
1015,2015-04-26 02:36:00,2015-04-26 02:36:00,2015-04-28 11:36:00,Training Delivery
1016,2015-04-26 02:41:00,2015-04-26 02:41:00,2015-04-26 02:41:00,HR Report
1017,2015-04-26 02:48:00,2015-04-26 02:48:00,2015-04-28 01:48:00,Job Classification
1018,2015-04-26 03:02:00,2015-04-26 03:02:00,2015-04-28 11:02:00,Training Delivery
1019,2015-04-26 10:24:00,2015-05-02 03:15:00,2015-05-02 03:15:00,HR Report
1020,2015-04-26 03:26:00,2015-04-26 03:26:00,2015-04-26 03:26:00,HR Report
1021,2015-04-26 08:28:00,2015-04-26 08:28:00,2015-04-27 01:28:00,HR Report
1022,2015-04-26 08:35:00,2015-04-26 08:35:00,2015-04-28 00:35:00,Job Classification
1023,2015-04-26 08:52:00,2015-04-26 08:52:00,2015-04-26 08:52:00,HR Report
1024,2015-04-26 09:43:00,2015-04-26 09:43:00,2015-04-29 05:43:00,Training Delivery
1025,2015-04-27 01:39:00,2015-04-27 01:39:00,2015-04-27 17:39:00,HR Report
1026,2015-04-27 08:57:00,2015-05-03 08:48:00,2015-05-04 06:48:00,Job Classification
1027,2015-04-27 09:17:00,2015-05-06 03:53:00,2015-05-06 03:53:00,HR Report
1028,2015-04-27 12:04:00,2015-05-03 08:45:00,2015-05-06 13:45:00,Training Delivery
1029,2015-04-27 07:12:00,2015-04-27 07:12:00,2015-04-30 03:12:00,Training Delivery
1030,2015-04-27 07:53:00,2015-04-27 07:53:00,2015-04-27 07:53:00,HR Report
1031,2015-04-28 01:08:00,2015-04-28 01:08:00,2015-04-30 17:08:00,Training Delivery
1032,2015-04-28 10:14:00,2015-05-18 08:15:00,2015-05-22 01:15:00,Recruitment
1033,2015-04-28 03:45:00,2015-04-28 03:45:00,2015-04-29 11:45:00,Job Classification
1034,2015-04-28 04:01:00,2015-04-28 04:01:00,2015-05-01 06:01:00,Training Delivery
1035,2015-04-28 04:06:00,2015-04-28 04:06:00,2015-05-01 04:06:00,Training Delivery
1036,2015-04-28 04:09:00,2015-04-28 04:09:00,2015-05-01 17:09:00,Recruitment
1037,2015-04-28 07:17:00,2015-04-28 07:17:00,2015-04-28 16:17:00,HR Report
1038,2015-04-29 02:23:00,2015-04-29 02:23:00,2015-05-02 08:23:00,Training Delivery
1039,2015-04-29 03:56:00,2015-04-29 03:56:00,2015-05-01 11:56:00,Training Delivery
1040,2015-04-29 04:32:00,2015-04-29 04:32:00,2015-04-29 13:32:00,HR Report
1041,2015-05-02 02:24:00,2015-05-02 02:24:00,2015-05-03 15:24:00,Job Classification
1042,2015-05-02 03:07:00,2015-05-02 03:07:00,2015-05-02 22:07:00,HR Report
1043,2015-05-02 04:28:00,2015-05-02 04:28:00,2015-05-02 10:28:00,HR Report
1044,2015-05-02 11:50:00,2015-05-18 02:43:00,2015-05-18 02:43:00,HR Report
1045,2015-05-02 05:12:00,2015-05-02 05:12:00,2015-05-05 01:12:00,Training Delivery
1046,2015-05-02 05:18:00,2015-05-02 05:18:00,2015-05-02 05:18:00,HR Report
1047,2015-05-02 07:08:00,2015-05-02 07:08:00,2015-05-02 07:08:00,HR Report
1048,2015-05-02 08:46:00,2015-05-02 08:46:00,2015-05-03 02:46:00,HR Report
1049,2015-05-03 01:56:00,2015-05-03 01:56:00,2015-05-03 18:56:00,HR Report
1050,2015-05-03 02:23:00,2015-05-03 02:23:00,2015-05-06 21:23:00,Recruitment
1051,2015-05-03 05:18:00,2015-05-03 05:18:00,2015-05-05 02:18:00,Job Classification
1052,2015-05-03 05:35:00,2015-05-03 05:35:00,2015-05-06 20:35:00,Recruitment
1053,2015-05-03 07:03:00,2015-05-03 07:03:00,2015-05-03 08:03:00,HR Report
1054,2015-05-03 07:19:00,2015-05-03 07:19:00,2015-05-06 14:19:00,Training Delivery
1055,2015-05-03 08:15:00,2015-05-03 08:15:00,2015-05-08 16:15:00,Grievance Resolution
1056,2015-05-03 08:48:00,2015-05-03 08:48:00,2015-05-04 13:48:00,Job Classification
1057,2015-05-05 01:29:00,2015-05-05 01:29:00,2015-05-07 21:29:00,Training Delivery
1058,2015-05-05 05:17:00,2015-05-05 05:17:00,2015-05-06 02:17:00,Job Classification
1059,2015-05-05 03:15:00,2015-05-05 03:15:00,2015-05-06 07:15:00,Job Classification
1060,2015-05-05 05:38:00,2015-05-05 05:38:00,2015-05-05 16:38:00,HR Report
1061,2015-05-05 12:56:00,2015-05-09 08:56:00,2015-05-10 15:56:00,Job Classification
1062,2015-05-05 13:41:00,2015-05-10 06:14:00,2015-05-10 06:14:00,HR Report
1063,2015-05-05 08:05:00,2015-05-05 08:05:00,2015-05-05 08:05:00,HR Report
1064,2015-05-05 08:12:00,2015-05-05 08:12:00,2015-05-05 08:12:00,HR Report
1065,2015-05-05 08:44:00,2015-05-05 08:44:00,2015-05-07 03:44:00,Job Classification
1066,2015-05-05 09:57:00,2015-05-05 09:57:00,2015-05-05 09:57:00,HR Report
1067,2015-05-06 01:43:00,2015-05-06 01:43:00,2015-05-11 05:43:00,Grievance Resolution
1068,2015-05-06 01:47:00,2015-05-06 01:47:00,2015-05-09 06:47:00,Training Delivery
1069,2015-05-06 02:23:00,2015-05-06 02:23:00,2015-05-06 02:23:00,HR Report
1070,2015-05-06 02:53:00,2015-05-06 02:53:00,2015-05-10 22:53:00,Grievance Resolution
1071,2015-05-09 01:49:00,2015-05-09 01:49:00,2015-05-10 05:49:00,Job Classification
1072,2015-05-09 02:23:00,2015-05-09 02:23:00,2015-05-09 02:23:00,HR Report
1073,2015-05-09 03:51:00,2015-05-09 03:51:00,2015-05-10 00:51:00,Job Classification
1074,2015-05-09 04:38:00,2015-05-09 04:38:00,2015-05-10 12:38:00,Job Classification
1075,2015-05-09 05:37:00,2015-05-09 05:37:00,2015-05-09 05:37:00,HR Report
1076,2015-05-09 09:03:00,2015-05-09 09:03:00,2015-05-09 20:03:00,HR Report
1077,2015-05-10 01:10:00,2015-05-10 01:10:00,2015-05-12 21:10:00,Training Delivery
1078,2015-05-10 01:24:00,2015-05-10 01:24:00,2015-05-12 02:24:00,Job Classification
1079,2015-05-10 02:54:00,2015-05-10 02:54:00,2015-05-10 02:54:00,HR Report
1080,2015-05-10 03:12:00,2015-05-10 03:12:00,2015-05-13 20:12:00,Recruitment
1081,2015-05-10 03:30:00,2015-05-10 03:30:00,2015-05-10 03:30:00,HR Report
1082,2015-05-10 04:02:00,2015-05-10 04:02:00,2015-05-11 20:02:00,Job Classification
1083,2015-05-10 11:21:00,2015-05-12 02:44:00,2015-05-14 01:44:00,Job Classification
1084,2015-05-10 04:34:00,2015-05-10 04:34:00,2015-05-13 05:34:00,Training Delivery
1085,2015-05-10 05:28:00,2015-05-10 05:28:00,2015-05-10 05:28:00,HR Report
1086,2015-05-10 08:32:00,2015-05-10 08:32:00,2015-05-14 00:32:00,Recruitment
1087,2015-05-10 08:47:00,2015-05-10 08:47:00,2015-05-15 15:47:00,Grievance Resolution
1088,2015-05-11 01:31:00,2015-05-11 01:31:00,2015-05-14 05:31:00,Training Delivery
1089,2015-05-11 03:40:00,2015-05-11 03:40:00,2015-05-14 01:40:00,Training Delivery
1090,2015-05-11 04:05:00,2015-05-11 04:05:00,2015-05-12 22:05:00,Job Classification
1091,2015-05-11 04:12:00,2015-05-11 04:12:00,2015-05-11 04:12:00,HR Report
1092,2015-05-11 07:28:00,2015-05-11 07:28:00,2015-05-14 23:28:00,Recruitment
1093,2015-05-11 07:34:00,2015-05-11 07:34:00,2015-05-11 07:34:00,HR Report
1094,2015-05-11 07:36:00,2015-05-11 07:36:00,2015-05-13 10:36:00,Training Delivery
1095,2015-05-11 08:07:00,2015-05-11 08:07:00,2015-05-13 04:07:00,Job Classification
1096,2015-05-11 08:46:00,2015-05-11 08:46:00,2015-05-11 14:46:00,HR Report
1097,2015-05-11 09:45:00,2015-05-11 09:45:00,2015-05-15 07:45:00,Recruitment
1098,2015-05-12 01:27:00,2015-05-12 01:27:00,2015-05-12 01:27:00,HR Report
1099,2015-05-12 02:42:00,2015-05-12 02:42:00,2015-05-16 17:42:00,Grievance Resolution
1100,2015-05-12 03:34:00,2015-05-12 03:34:00,2015-05-15 15:34:00,Recruitment
1101,2015-05-12 03:39:00,2015-05-12 03:39:00,2015-05-15 09:39:00,Training Delivery
1102,2015-05-12 08:53:00,2015-05-12 08:53:00,2015-05-12 08:53:00,HR Report
1103,2015-05-13 01:25:00,2015-05-13 01:25:00,2015-05-14 01:25:00,Job Classification
1104,2015-05-13 03:01:00,2015-05-13 03:01:00,2015-05-14 10:01:00,Job Classification
1105,2015-05-13 03:10:00,2015-05-13 03:10:00,2015-05-14 03:10:00,Job Classification
1106,2015-05-13 05:00:00,2015-05-13 05:00:00,2015-05-13 05:00:00,HR Report
1107,2015-05-13 08:21:00,2015-05-13 08:21:00,2015-05-13 21:21:00,HR Report
1108,2015-05-13 09:28:00,2015-05-13 09:28:00,2015-05-15 13:28:00,Training Delivery
1109,2015-05-15 06:37:00,2015-05-15 06:37:00,2015-05-18 01:37:00,Training Delivery
1110,2015-05-16 02:31:00,2015-05-16 02:31:00,2015-05-19 02:31:00,Training Delivery
1111,2015-05-16 10:10:00,2015-05-18 04:48:00,2015-05-21 05:48:00,Training Delivery
1112,2015-05-16 03:16:00,2015-05-16 03:16:00,2015-05-16 03:16:00,HR Report
1113,2015-05-16 04:47:00,2015-05-16 04:47:00,2015-05-17 16:47:00,Job Classification
1114,2015-05-16 05:33:00,2015-05-16 05:33:00,2015-05-16 18:33:00,HR Report
1115,2015-05-17 01:33:00,2015-05-17 01:33:00,2015-05-17 06:33:00,HR Report
1116,2015-05-17 02:37:00,2015-05-17 02:37:00,2015-05-20 14:37:00,Recruitment
1117,2015-05-17 03:08:00,2015-05-17 03:08:00,2015-05-17 03:08:00,HR Report
1118,2015-05-17 04:49:00,2015-05-17 04:49:00,2015-05-18 10:49:00,Job Classification
1119,2015-05-17 06:55:00,2015-05-17 06:55:00,2015-05-19 21:55:00,Training Delivery
1120,2015-05-17 07:22:00,2015-05-17 07:22:00,2015-05-17 10:22:00,HR Report
1121,2015-05-17 08:25:00,2015-05-17 08:25:00,2015-05-17 08:25:00,HR Report
1122,2015-05-17 08:36:00,2015-05-17 08:36:00,2015-05-20 11:36:00,Training Delivery
1123,2015-05-17 10:22:00,2015-05-17 10:22:00,2015-05-20 14:22:00,Training Delivery
1124,2015-05-18 06:40:00,2015-05-18 06:40:00,2015-05-19 22:40:00,Job Classification
1125,2015-05-18 07:13:00,2015-05-18 07:13:00,2015-05-18 07:13:00,HR Report
1126,2015-05-18 07:23:00,2015-05-18 07:23:00,2015-05-20 10:23:00,Training Delivery
1127,2015-05-18 07:34:00,2015-05-18 07:34:00,2015-05-20 16:34:00,Training Delivery
1128,2015-05-18 08:56:00,2015-05-18 08:56:00,2015-05-19 07:56:00,Job Classification
1129,2015-05-18 10:01:00,2015-05-18 10:01:00,2015-05-18 10:01:00,HR Report
1130,2015-05-18 10:26:00,2015-05-18 10:26:00,2015-05-20 21:26:00,Training Delivery
1131,2015-05-18 10:41:00,2015-05-18 10:41:00,2015-05-20 07:41:00,Job Classification
1132,2015-05-18 11:19:00,2015-05-18 11:19:00,2015-05-20 08:19:00,Job Classification
1133,2015-05-19 01:40:00,2015-05-19 01:40:00,2015-05-19 06:40:00,HR Report
1134,2015-05-19 02:44:00,2015-05-19 02:44:00,2015-05-19 11:44:00,HR Report
1135,2015-05-19 03:12:00,2015-05-19 03:12:00,2015-05-20 19:12:00,Job Classification
1136,2015-05-19 05:08:00,2015-05-19 05:08:00,2015-05-19 19:08:00,HR Report
1137,2015-05-19 05:30:00,2015-05-19 05:30:00,2015-05-19 09:30:00,HR Report
1138,2015-05-19 08:22:00,2015-05-19 08:22:00,2015-05-19 17:22:00,HR Report
1139,2015-05-19 08:40:00,2015-05-19 08:40:00,2015-05-24 08:40:00,Grievance Resolution
1140,2015-05-19 08:45:00,2015-05-19 08:45:00,2015-05-21 06:45:00,Job Classification
1141,2015-05-20 01:43:00,2015-05-20 01:43:00,2015-05-20 01:43:00,HR Report
1142,2015-05-20 08:37:00,2015-05-20 08:37:00,2015-05-22 02:37:00,Job Classification
1143,2015-05-23 04:31:00,2015-05-23 04:31:00,2015-05-24 05:31:00,Job Classification
1144,2015-05-23 04:58:00,2015-05-23 04:58:00,2015-05-25 23:58:00,Training Delivery
1145,2015-05-23 07:23:00,2015-05-23 07:23:00,2015-05-27 06:23:00,Recruitment
1146,2015-05-23 14:56:00,2015-05-24 04:11:00,2015-05-27 09:11:00,Training Delivery
1147,2015-05-23 08:01:00,2015-05-23 08:01:00,2015-05-25 15:01:00,Training Delivery
1148,2015-05-23 08:02:00,2015-05-23 08:02:00,2015-05-23 16:02:00,HR Report
1149,2015-05-23 09:04:00,2015-05-23 09:04:00,2015-05-23 09:04:00,HR Report
1150,2015-05-24 04:41:00,2015-05-24 04:41:00,2015-05-27 12:41:00,Training Delivery
1151,2015-05-24 04:57:00,2015-05-24 04:57:00,2015-05-27 02:57:00,Training Delivery
1152,2015-05-25 03:43:00,2015-05-25 03:43:00,2015-05-25 03:43:00,HR Report
